Full name of agency,Total reported_x,Country,Year,Agency type,ID number (if applicable),Total reported_y,ISO Code,Start Date,End Date
MINISTRY OF FINANCE (CUSTOMS DEPARTMENT),1459912284.0,Afghanistan,2018,Central goverment,Not applicable,1367722942,AFG,2017/12/21,2018/12/20
MINISTRY OF FINANCE (REVENUE DEPARTMENT),1089699173.29,Afghanistan,2018,Central goverment,Not applicable,1441453501,AFG,2017/12/21,2018/12/20
MINISTRY OF INDUSTRY AND COMMERCE,0.0,Afghanistan,2018,Central goverment,Not applicable,,AFG,2017/12/21,2018/12/20
MINISTRY OF MINES AND PETROLEUM (REVENUE DEPARTMENT),2285251490.52,Afghanistan,2018,Central goverment,Not applicable,1478934310.56,AFG,2017/12/21,2018/12/20
NATIONAL ENVIRONMENTAL PROTECTION AGENCY,47000.0,Afghanistan,2018,Central goverment,Not applicable,34000,AFG,2017/12/21,2018/12/20
MINISTRY OF FINANCE (CUSTOMS DEPARTMENT),1367722942.0,Afghanistan,2019,Central goverment,Not applicable,1367722942,AFG,2018/12/21,2019/12/20
MINISTRY OF FINANCE (REVENUE DEPARTMENT),1441453501.0,Afghanistan,2019,Central goverment,Not applicable,1441453501,AFG,2018/12/21,2019/12/20
MINISTRY OF INDUSTRY AND COMMERCE,0.0,Afghanistan,2019,Central goverment,Not applicable,,AFG,2018/12/21,2019/12/20
MINISTRY OF MINES AND PETROLEUM (REVENUE DEPARTMENT),1478934310.56,Afghanistan,2019,Central goverment,Not applicable,1478934310.56,AFG,2018/12/21,2019/12/20
NATIONAL ENVIRONMENTAL PROTECTION AGENCY,34000.0,Afghanistan,2019,Central goverment,Not applicable,34000,AFG,2018/12/21,2019/12/20
ALBANIAN CUSTOMS ADMINISTRATE,4716289388.0,Albania,2017,Central goverment,,4716289388,ALB,2017/01/01,2017/12/31
ALBPETROL,2318883540.32,Albania,2017,State-owned enterprises & public corporations,,2318883540.32,ALB,2017/01/01,2017/12/31
ELECTRIC ENERGY DISTRIBUTION SYSTEM OPERATOR (OSHEE),0.0,Albania,2017,State-owned enterprises & public corporations,,,ALB,2017/01/01,2017/12/31
ENERGY REGULATORY AUTHORITY (ERE),24700000.0,Albania,2017,Other,,24700000,ALB,2017/01/01,2017/12/31
GENERAL DIRECTORATE OF TAXES,27440036308.0,Albania,2017,Central goverment,,27440036308,ALB,2017/01/01,2017/12/31
MUNICIPALITY OF BULQIZË,5600000.0,Albania,2017,Local government,,5600000,ALB,2017/01/01,2017/12/31
MUNICIPALITY OF KRUJË,107357802.0,Albania,2017,Local government,,107357802,ALB,2017/01/01,2017/12/31
MUNICIPALITY OF LUSHNJË,3500000.0,Albania,2017,Local government,,3500000,ALB,2017/01/01,2017/12/31
MUNICIPALITY OF PATOS,36313288.0,Albania,2017,Local government,,36313288,ALB,2017/01/01,2017/12/31
MUNICIPALITY OF RROSKOVEC,146868292.0,Albania,2017,Local government,,146868292,ALB,2017/01/01,2017/12/31
NATIONAL AGENCY OF NATURAL RESOUCES (AKBN),11904735.77,Albania,2017,Central goverment,,11904735.77,ALB,2017/01/01,2017/12/31
ALBANIAN CUSTOMS ADMINISTRATE,4572240832.0,Albania,2018,Central goverment,,4572240832,ALB,2018/01/01,2018/12/31
ALBPETROL,2030861900.0,Albania,2018,State-owned enterprises & public corporations,,2030861899.5,ALB,2018/01/01,2018/12/31
ELECTRIC ENERGY DISTRIBUTION SYSTEM OPERATOR (OSHEE),0.0,Albania,2018,State-owned enterprises & public corporations,,,ALB,2018/01/01,2018/12/31
ENERGY REGULATORY AUTHORITY (ERE),32300000.0,Albania,2018,Other,,32300000,ALB,2018/01/01,2018/12/31
GENERAL DIRECTORATE OF TAXES,30704450150.0,Albania,2018,Central goverment,,30704450150,ALB,2018/01/01,2018/12/31
MUNICIPALITY OF BULQIZË,9360000.0,Albania,2018,Local government,,9360000,ALB,2018/01/01,2018/12/31
MUNICIPALITY OF KRUJË,94160577.0,Albania,2018,Local government,,94160577,ALB,2018/01/01,2018/12/31
MUNICIPALITY OF LUSHNJË,3579840.0,Albania,2018,Local government,,3579840,ALB,2018/01/01,2018/12/31
MUNICIPALITY OF PATOS,39139780.0,Albania,2018,Local government,,39139780,ALB,2018/01/01,2018/12/31
MUNICIPALITY OF RROSKOVEC,86868292.0,Albania,2018,Local government,,86868292,ALB,2018/01/01,2018/12/31
NATIONAL AGENCY OF NATURAL RESOUCES (AKBN),162015000.0,Albania,2018,Central goverment,,162015000,ALB,2018/01/01,2018/12/31
ADMINISTRACIÓN FEDERAL DE INGRESOS PÚBLICOS (AFIP),87774983735.8,Argentina,2018,Central government,,87774983735.8,ARG,2018/01/01,2018/12/31
SECRETARÍA DE CONTROL Y MONITOREO AMBIENTAL MINISTERIO DE AMBIENTE Y DESARROLLO SUSTENTABLE,1103957.42,Argentina,2018,,,,,,
"SECRETARÍA DE ENERGÍA (SEN), MINISTERIO DE ECONOMÍA",3425335494.0,Argentina,2018,Central government,,3425335494,ARG,2018/01/01,2018/12/31
SECRETARÍA DE MINERÍA (SEMIN) MINISTERIO DE DESARROLLO PRODUCTIVO,0.0,Argentina,2018,,,,,,
MINISTRY OF ENVIRONMENT,309029953.6,Armenia,2018,Central goverment,<Use Legal Entity Identifier if available>,309029953.6,ARM,2018/01/01,2018/12/31
MINISTRY OF TERRITORIAL ADMINISTRATION AND DEVELOPMENT,1171866939.0,Armenia,2018,Central goverment,<Use Legal Entity Identifier if available>,1171866939,ARM,2018/01/01,2018/12/31
TAX REVENUE AUTHORITY,78263884227.0,Armenia,2018,Central goverment,<Use Legal Entity Identifier if available>,78263884227,ARM,2018/01/01,2018/12/31
MINISTRY OF ENVIRONMENT,342032486.1,Armenia,2019,Central goverment,<Use Legal Entity Identifier if available>,342032486.1,ARM,2019/01/01,2019/12/31
MINISTRY OF TERRITORIAL ADMINISTRATION AND DEVELOPMENT,1019400879.0,Armenia,2019,Central goverment,<Use Legal Entity Identifier if available>,1019400879,ARM,2019/01/01,2019/12/31
TAX REVENUE AUTHORITY,84654217529.0,Armenia,2019,Central goverment,<Use Legal Entity Identifier if available>,84654217529,ARM,2019/01/01,2019/12/31
BUREAU DES MINES ET DE LA GÉOLOGIE DU BURKINA (BUMIGEB),26481384.0,Burkina Faso,2017,Central goverment,Non applicable,26481384,BFA,2017/01/01,2017/12/31
BUREAU NATIONAL DES EVALUATIONS ENVIRONNEMENTALES (BUNEE),31122488.0,Burkina Faso,2017,Central goverment,Non applicable,31122488,BFA,2017/01/01,2017/12/31
DIRECTION GÉNÉRALE DE LA DOUANE (DGD),50858288082.0,Burkina Faso,2017,Central goverment,Non applicable,50858288082,BFA,2017/01/01,2017/12/31
DIRECTION GÉNÉRALE DES IMPÔTS (DGI),41764716178.0,Burkina Faso,2017,Central goverment,Non applicable,69544317620,BFA,2017/01/01,2017/12/31
DIRECTION GÉNÉRALE DU TRÉSOR ET DE LA COMPTABILITÉ PUBLIQUE (DGTCP),56387000541.0,Burkina Faso,2017,Central goverment,Non applicable,56387000541,BFA,2017/01/01,2017/12/31
AGENCE NATIONALE DES ÉVALUATIONS ENVIRONNEMENTALES (ANEVE),104049534.0,Burkina Faso,2018,State-owned enterprises & public corporations,,104049534,BFA,2018/01/01,2018/12/31
AGENCE NATIONALE D’ENCADREMENT DES EXPLOITATIONS MINIÈRES ARTISANALES ET SEMI-MÉCANISÉES (ANEEMAS),45917878.0,Burkina Faso,2018,State-owned enterprises & public corporations,,45917878,BFA,2018/01/01,2018/12/31
AUTRES BÉNÉFICIAIRES (PAIEMENTS SOCIAUX),2066615353.0,Burkina Faso,2018,Other,,2066615353,BFA,2018/01/01,2018/12/31
BUREAU DES MINES ET DE LA GÉOLOGIE DU BURKINA (BUMIGEB),9132004.0,Burkina Faso,2018,State-owned enterprises & public corporations,,9132004,BFA,2018/01/01,2018/12/31
DIRECTION GÉNÉRALE DES DOUANES (DGD),58304215265.0,Burkina Faso,2018,Central goverment,,58304215265,BFA,2018/01/01,2018/12/31
DIRECTION GÉNÉRALE DES IMPÔTS (DGI),-13580034737.0,Burkina Faso,2018,Central goverment,,-13580034737,BFA,2018/01/01,2018/12/31
DIRECTION GÉNÉRALE DU TRÉSOR ET DE LA COMPTABILITÉ PUBLIQUE (DGTCP),70480197702.0,Burkina Faso,2018,Central goverment,,70480197702,BFA,2018/01/01,2018/12/31
FONDS D'INTERVENTION POUR L'ENVIRONNEMENT (FIE),4422649722.0,Burkina Faso,2018,,,,,,
OFFICE NATIONAL DE SÉCURISATION DES SITES MINIERS (ONASSIM),304500000.0,Burkina Faso,2018,State-owned enterprises & public corporations,,304500000,BFA,2018/01/01,2018/12/31
SOCIÉTÉ D'EXPLOITATION DES PHOSPHATES DU BURKINA (SEPB),8370000.0,Burkina Faso,2018,State-owned enterprises & public corporations,,8370000,BFA,2018/01/01,2018/12/31
AGENCE NATIONALE DES ÉVALUATIONS ENVIRONNEMENTALES (ANEVE),24360362.0,Burkina Faso,2019,State-owned enterprises & public corporations,,24360362,BFA,2019/01/01,2019/12/31
AGENCE NATIONALE D’ENCADREMENT DES EXPLOITATIONS MINIÈRES ARTISANALES ET SEMI-MÉCANISÉES (ANEEMAS),330797354.0,Burkina Faso,2019,State-owned enterprises & public corporations,,330797354,BFA,2019/01/01,2019/12/31
AUTRES BÉNÉFICIAIRES (PAIEMENTS SOCIAUX),1144562241.0,Burkina Faso,2019,Other,<Use Legal Entity Identifier if available>,8029681450,BFA,2019/01/01,2019/12/31
BUREAU DES MINES ET DE LA GÉOLOGIE DU BURKINA (BUMIGEB),12960835.0,Burkina Faso,2019,State-owned enterprises & public corporations,,12960835,BFA,2019/01/01,2019/12/31
DIRECTION GÉNÉRALE DES DOUANES (DGD),58933085896.0,Burkina Faso,2019,Central goverment,<Use Legal Entity Identifier if available>,58933085896,BFA,2019/01/01,2019/12/31
DIRECTION GÉNÉRALE DES IMPÔTS (DGI),-24375904992.0,Burkina Faso,2019,Central goverment,<Use Legal Entity Identifier if available>,14423193801,BFA,2019/01/01,2019/12/31
DIRECTION GÉNÉRALE DU TRÉSOR ET DE LA COMPTABILITÉ PUBLIQUE (DGTCP),73806693186.0,Burkina Faso,2019,Central goverment,,73806693186,BFA,2019/01/01,2019/12/31
FONDS D'INTERVENTION POUR L'ENVIRONNEMENT (FIE),4263702851.0,Burkina Faso,2019,,,,,,
OFFICE NATIONAL DE SÉCURISATION DES SITES MINIERS (ONASSIM),318000000.0,Burkina Faso,2019,State-owned enterprises & public corporations,,318000000,BFA,2019/01/01,2019/12/31
SOCIÉTÉ D'EXPLOITATION DES PHOSPHATES DU BURKINA (SEPB),16167700.0,Burkina Faso,2019,State-owned enterprises & public corporations,,16167700,BFA,2019/01/01,2019/12/31
AGENCE DE L'EAU,2007363783.0,Burkina Faso,2020,State-owned enterprises & public corporations,,2007363783,BFA,2020/12/01,2020/12/31
AGENCE NATIONALE DES ÉVALUATIONS ENVIRONNEMENTALES (ANEVE),136270436.0,Burkina Faso,2020,State-owned enterprises & public corporations,,136270436,BFA,2020/12/01,2020/12/31
AGENCE NATIONALE D’ENCADREMENT DES EXPLOITATIONS MINIÈRES ARTISANALES ET SEMI-MÉCANISÉES (ANEEMAS),37670296.0,Burkina Faso,2020,State-owned enterprises & public corporations,,2021196442,BFA,2020/12/01,2020/12/31
AUTRES BÉNÉFICIAIRES (PAIEMENTS SOCIAUX),2007363783.0,Burkina Faso,2020,Other,,4869734388,BFA,2020/12/01,2020/12/31
BUREAU DES MINES ET DE LA GÉOLOGIE DU BURKINA (BUMIGEB),38183378.0,Burkina Faso,2020,State-owned enterprises & public corporations,,38183378,BFA,2020/12/01,2020/12/31
DIRECTION GÉNÉRALE DES DOUANES (DGD),67000662298.0,Burkina Faso,2020,Central goverment,,67000662298,BFA,2020/12/01,2020/12/31
DIRECTION GÉNÉRALE DES IMPÔTS (DGI),95939085580.0,Burkina Faso,2020,Central goverment,,139009756479,BFA,2020/12/01,2020/12/31
DIRECTION GÉNÉRALE DU TRÉSOR ET DE LA COMPTABILITÉ PUBLIQUE (DGTCP),56739697798.0,Burkina Faso,2020,Central goverment,,56739697798,BFA,2020/12/01,2020/12/31
FONDS D'INTERVENTION POUR L'ENVIRONNEMENT (FIE),19234237714.0,Burkina Faso,2020,Other,,19234237714,BFA,2020/12/01,2020/12/31
OFFICE NATIONAL DE SÉCURISATION DES SITES MINIERS (ONASSIM),408000000.0,Burkina Faso,2020,State-owned enterprises & public corporations,,408000000,BFA,2020/12/01,2020/12/31
SOCIÉTÉ D'EXPLOITATION DES PHOSPHATES DU BURKINA (SEPB),236511688.0,Burkina Faso,2020,State-owned enterprises & public corporations,,236511688,BFA,2020/12/01,2020/12/31
CAISSE NATIONALE DE PRÉVOYANCE SOCIALE (CNPS),4563105799.97,Cameroon,2017,Central goverment,,4563105799.97,CMR,2017/01/01,2017/12/31
CAPAM,0.0,Cameroon,2017,Other,,,CMR,2017/01/01,2017/12/31
DIRECTION GÉNÉRALE DES DOUANES (DGD),35303352443.0,Cameroon,2017,Central goverment,,35303352443,CMR,2017/01/01,2017/12/31
DIRECTION GÉNÉRALE DES IMPÔTS (DGI),86611173620.75,Cameroon,2017,Central goverment,,86611173620.75,CMR,2017/01/01,2017/12/31
"DIRECTION GÉNÉRALE DU TRÉSOR, DE LA COOPÉRATION FINANCIÈRE ET MONÉTAIRE (DGTCFM)",319433571867.0,Cameroon,2017,Central goverment,,319433571867,CMR,2017/01/01,2017/12/31
MINISTÈRE EN CHARGE DES MINES,93003642.0,Cameroon,2017,Central goverment,,93003642,CMR,2017/01/01,2017/12/31
SOCIÉTÉ NATIONALE DES HYDROCARBURES (SNH),-17629951825.0,Cameroon,2017,State-owned enterprises & public corporations,,-17629951825,CMR,2017/01/01,2017/12/31
SOCIÉTÉ NATIONALE D’INVESTISSEMENT DU CAMEROUN (SNI),539200395.0,Cameroon,2017,State-owned enterprises & public corporations,,539200395,CMR,2017/01/01,2017/12/31
AUTORITÉ DE RÉGULATION DU SECTEUR PÉTROLIER AVAL DU TCHAD (ARSAT),0.0,Chad,2017,Central government,Non applicable,,TCD,2017/01/01,2017/12/31
CAISSE NATIONALE DE PRÉVOYANCE SOCIALE (CNPS),0.0,Chad,2017,Central government,Non applicable,,TCD,2017/01/01,2017/12/31
COMMUNE DE DOBA,0.0,Chad,2017,Local government,Non applicable,,TCD,2017/01/01,2017/12/31
COMMUNE DE KOUDALWA,0.0,Chad,2017,Local government,Non applicable,,TCD,2017/01/01,2017/12/31
DIRECTION GÉNÉRALE DES SERVICES DE DOUANES ET DES DROITS INDIRECTS (DGSDDI),0.0,Chad,2017,Central government,Non applicable,,TCD,2017/01/01,2017/12/31
DIRECTION GÉNÉRALE DU TRÉSOR ET DE LA COMPTABILITÉ PUBLIQUE (DGTCP),145510077.0,Chad,2017,Central government,Non applicable,159247341,TCD,2017/01/01,2017/12/31
DIRECTION GÉNÉRALE TECHNIQUE DE PÉTROLE (DGTP),4449474.0,Chad,2017,Central government,Non applicable,4449474,TCD,2017/01/01,2017/12/31
DIRECTION GÉNÉRALE TECHNIQUE DES MINES (DGTM),51575.0,Chad,2017,Central government,Non applicable,51575,TCD,2017/01/01,2017/12/31
MINISTÈRE DES FINANCES,0.0,Chad,2017,Central government,Non applicable,,TCD,2017/01/01,2017/12/31
SOCIÉTÉ DES HYDROCARBURES DU TCHAD (SHT),397437282.0,Chad,2017,State-owned enterprises & public corporations,Non applicable,397437282,TCD,2017/01/01,2017/12/31
AUTORITÉ DE RÉGULATION DU SECTEUR PÉTROLIER AVAL DU TCHAD (ARSAT),0.0,Chad,2018,Central goverment,Non applicable,,TCD,2018/01/01,2018/12/31
CAISSE NATIONALE DE PRÉVOYANCE SOCIALE (CNPS),0.0,Chad,2018,Central goverment,Non applicable,,TCD,2018/01/01,2018/12/31
COMMUNE DE DOBA,0.0,Chad,2018,Local government,Non applicable,,TCD,2018/01/01,2018/12/31
COMMUNE DE KOUDALWA,0.0,Chad,2018,Local government,Non applicable,,TCD,2018/01/01,2018/12/31
DIRECTION GÉNÉRALE DES SERVICES DE DOUANES ET DES DROITS INDIRECTS (DGSDDI),0.0,Chad,2018,Central goverment,Non applicable,,TCD,2018/01/01,2018/12/31
DIRECTION GÉNÉRALE DU TRÉSOR ET DE LA COMPTABILITÉ PUBLIQUE (DGTCP),316949335.62,Chad,2018,Central goverment,Non applicable,316949335.62,TCD,2018/01/01,2018/12/31
DIRECTION GÉNÉRALE TECHNIQUE DE PÉTROLE (DGTP),5440559.0,Chad,2018,Central goverment,Non applicable,5440559,TCD,2018/01/01,2018/12/31
DIRECTION GÉNÉRALE TECHNIQUE DES MINES (DGTM),96283.0,Chad,2018,Central goverment,Non applicable,96283,TCD,2018/01/01,2018/12/31
MINISTÈRE DES FINANCES,0.0,Chad,2018,Central goverment,Non applicable,,TCD,2018/01/01,2018/12/31
SOCIÉTÉ DES HYDROCARBURES DU TCHAD (SHT),680650556.23,Chad,2018,State-owned enterprises & public corporations,Non applicable,680650556.22,TCD,2018/01/01,2018/12/31
SOCIÉTÉ NATIONALE DES MINES ET DE LA GÉOLOGIE (SONAMIG),0.0,Chad,2018,State-owned enterprises & public corporations,Non applicable,,TCD,2018/01/01,2018/12/31
AUTRES,75657609.0,Cote d'Ivoire,2017,,,,,,
DIRECTION DES PARTICIPATIONS ET DE LA PRIVATISATION (DPP),0.0,Cote d'Ivoire,2017,Central goverment,No applicable,,CIV,2017/01/01,2017/12/31
DIRECTION GÉNÉRALE DES DOUANES (DGD),10821301436.0,Cote d'Ivoire,2017,Central goverment,No applicable,10821301436,CIV,2017/01/01,2017/12/31
DIRECTION GÉNÉRALE DES HYDROCARBURES (DGH),2396921390.0,Cote d'Ivoire,2017,Central goverment,No applicable,2396921390,CIV,2017/01/01,2017/12/31
DIRECTION GÉNÉRALE DES IMPÔTS (DGI),108131178092.0,Cote d'Ivoire,2017,Central goverment,No applicable,108131178092,CIV,2017/01/01,2017/12/31
DIRECTION GÉNÉRALE DES MINES ET DE LA GÉOLOGIE (DGMG),10344216064.0,Cote d'Ivoire,2017,Central goverment,No applicable,10344216064,CIV,2017/01/01,2017/12/31
DIRECTION GÉNÉRALE DU TRÉSOR ET DE LA COMPTABILITÉ PUBLIQUE (DGTCP),9354000000.0,Cote d'Ivoire,2017,Central goverment,No applicable,9354000000,CIV,2017/01/01,2017/12/31
SOCIÉTÉ NATIONALE D'OPÉRATIONS PÉTROLIÈRES DE CÔTE D'IVOIRE (PETROCI),107485996398.0,Cote d'Ivoire,2017,,,,,,
SOCIÉTÉ POUR LE DÉVELOPPEMENT MINIER DE LA CÔTE D'IVOIRE (SODEMI),33078242200.0,Cote d'Ivoire,2017,,,,,,
DIRECTION DES PARTICIPATIONS ET DE LA PRIVATISATION (DPP),0.0,Cote d'Ivoire,2018,Central goverment,Non applicable,,CIV,2018/01/01,2018/12/31
DIRECTION GÉNÉRALE DES DOUANES (DGD),13425615733.0,Cote d'Ivoire,2018,Central goverment,Non applicable,13425615733,CIV,2018/01/01,2018/12/31
DIRECTION GÉNÉRALE DES HYDROCARBURES (DGH),2674420060.0,Cote d'Ivoire,2018,Central goverment,Non applicable,2674420060,CIV,2018/01/01,2018/12/31
DIRECTION GÉNÉRALE DES IMPÔTS (DGI),97972786388.0,Cote d'Ivoire,2018,Central goverment,Non applicable,97972786388,CIV,2018/01/01,2018/12/31
DIRECTION GÉNÉRALE DES MINES ET DE LA GÉOLOGIE (DGMG),5097681772.0,Cote d'Ivoire,2018,Central goverment,Non applicable,5097681772,CIV,2018/01/01,2018/12/31
DIRECTION GÉNÉRALE DU TRÉSOR ET DE LA COMPTABILITÉ PUBLIQUE (DGTCP),16900563354.0,Cote d'Ivoire,2018,Central goverment,Non applicable,16900563354,CIV,2018/01/01,2018/12/31
LOCALITÉ DE BONDOUKOU,19449399.0,Cote d'Ivoire,2018,Local government,Non applicable,19449399,CIV,2018/01/01,2018/12/31
LOCALITÉ DE LAUZOUA DIVO,70479706.0,Cote d'Ivoire,2018,Local government,Non applicable,70479706,CIV,2018/01/01,2018/12/31
LOCALITÉ D’AGBAOU-DIVO,636531600.0,Cote d'Ivoire,2018,Local government,Non applicable,636531600,CIV,2018/01/01,2018/12/31
LOCALITÉ D’HIRÉ,501830662.0,Cote d'Ivoire,2018,Local government,Non applicable,501830662,CIV,2018/01/01,2018/12/31
LOCALITÉ D’ITY-ZOUHAN-HOUNIEN,220037096.0,Cote d'Ivoire,2018,Local government,Non applicable,220037096,CIV,2018/01/01,2018/12/31
SOCIÉTÉ NATIONALE D'OPÉRATIONS PÉTROLIÈRES DE CÔTE D'IVOIRE (PETROCI),57696675052.0,Cote d'Ivoire,2018,State-owned enterprises & public corporations,7602349 S,57696675052,CIV,2018/01/01,2018/12/31
SOCIÉTÉ POUR LE DÉVELOPPEMENT MINIER DE LA CÔTE D'IVOIRE (SODEMI),0.0,Cote d'Ivoire,2018,State-owned enterprises & public corporations,6103805 Y,,CIV,2018/01/01,2018/12/31
AGENCE CONGOLAISE DE L’ENVIRONNEMENT (ACE),149978.58,Democratic Republic of Congo,2017,Central government,,149978.58,COD,2017/01/01,2017/12/31
BANQUE CENTRALE DU CONGO (BCC),0.0,Democratic Republic of Congo,2017,Central government,,,COD,2017/01/01,2017/12/31
"CENTRE D’ÉVALUATION, D’EXPERTISE ET DE CERTIFICATION DES SUBSTANCES MINÉRALES PRÉCIEUSES ET SEMI-PRÉCIEUSES(CEEC)",0.0,Democratic Republic of Congo,2017,,,,COD,2017/01/01,2017/12/31
DIRECTION DES RECETTES PROVINCIALES,356638875.24,Democratic Republic of Congo,2017,,,,,,
DIRECTION GÉNÉRALE DES DOUANES ET ACCISES (DGDA),264612631.5,Democratic Republic of Congo,2017,Central government,,264612628.5,COD,2017/01/01,2017/12/31
DIRECTION GÉNÉRALE DES IMPÔTS (DGI),518270772.92,Democratic Republic of Congo,2017,Central government,,518270772.13,COD,2017/01/01,2017/12/31
"DIRECTION GÉNÉRALE DES RECETTES ADMINISTRATIVES, JUDICIAIRES, DOMANIALES ET DE PARTICIPATION (DGRAD)",348592875.22,Democratic Republic of Congo,2017,Central government,,348592876.94,COD,2017/01/01,2017/12/31
ENTREPRISE D’ÉTAT,371400080.54,Democratic Republic of Congo,2017,State-owned enterprises & public corporations,,371400080.54,COD,2017/01/01,2017/12/31
MINISTÈRE PROVINCIAL DES MINES DU NORD-KIVU,0.0,Democratic Republic of Congo,2017,Local government,,,COD,2017/01/01,2017/12/31
SECRÉTARIAT GÉNÉRAL DU MINISTÈRE DES HYDROCARBURES (SGH),1099860.0,Democratic Republic of Congo,2017,Central government,,950000,COD,2017/01/01,2017/12/31
DIRECCIÓN GENERAL DE IMPUESTOS INTERNOS (DGII),10319618753.699999,Dominican Republic,2018,Central government,994316206,10319618753.7,DOM,2018/01/01,2018/12/31
DIRECCIÓN GENERAL DE MINERÍA (DGM),683720.0,Dominican Republic,2018,Central government,,683720,DOM,2018/01/01,2018/12/31
MINISTERIO DE ENERGÍA Y MINAS,179000.0,Dominican Republic,2018,Central government,430146366,179000,DOM,2018/01/01,2018/12/31
MINISTERIO DE ENERGÍA Y MINAS (MEM),500991436.0,Dominican Republic,2018,,,,,,
TESORERÍA NACIONAL,0.0,Dominican Republic,2018,Central government,401036959,,DOM,2018/01/01,2018/12/31
DIRECCIÓN GENERAL DE IMPUESTOS INTERNOS (DGII),11361455018.0,Dominican Republic,2019,Central goverment,994316206,11361455018,DOM,2019/01/01,2019/12/31
DIRECCIÓN GENERAL DE MINERÍA (DGM),217454.0,Dominican Republic,2019,Central goverment,,217454,DOM,2019/01/01,2019/12/31
MINISTERIO DE ENERGÍA Y MINAS,448000.0,Dominican Republic,2019,Central goverment,430146366,448000,DOM,2019/01/01,2019/12/31
MINISTERIO DE ENERGÍA Y MINAS (MEM),103364961.0,Dominican Republic,2019,,,,,,
DIRECCIÓN GENERAL DE IMPUESTOS INTERNOS (DGII),23696569082.0,Dominican Republic,2020,Central goverment,994316206,23696540592,DOM,2020/01/01,2020/12/31
DIRECCIÓN GENERAL DE MINERÍA (DGM),34700.0,Dominican Republic,2020,Central goverment,,,DOM,2020/01/01,2020/12/31
MINISTERIO DE ENERGÍA Y MINAS,73000.0,Dominican Republic,2020,Central goverment,430146366,73000,DOM,2020/01/01,2020/12/31
MINISTERIO DE ENERGÍA Y MINAS (MEM),57327767.0,Dominican Republic,2020,,,,,,
ETHIOPIAN REVENUES AND CUSTOMS AUTHORITY (ERCA),1695351904.0,Ethiopia,2017,Central goverment,,1695351904,ETH,2016/07/08,2017/07/07
MINISTRY OF FINANCE (MOF),0.0,Ethiopia,2017,Central goverment,,,ETH,2016/07/08,2017/07/07
MINISTRY OF MINES AND PETROLEUM (MOMP),208787291.0,Ethiopia,2017,Central goverment,,208787291,ETH,2016/07/08,2017/07/07
GOVERNMENT AGENCIES (LEVEL OF LOCAL GOVERNMENT),34019241.61,Germany,2017,Local government,,34019241.61,DEU,2017/01/01,2017/12/31
"MINING AUTHORITIES (LEVEL OF STATE GOVERNEMENT (""LÄNDER""))",255258870.59,Germany,2017,State government,,255258870.59,DEU,2017/01/01,2017/12/31
MUNICIPALITIES (LEVEL OF LOCAL GOVERNMENT),103628426.2,Germany,2017,Local government,,103628426.2,DEU,2017/01/01,2017/12/31
"TAX OFFICES (LEVEL OF STATE GOVERNMENT (""LÄNDER""))",83755824.15,Germany,2017,Local government,,83755824.15,DEU,2017/01/01,2017/12/31
GOVERNMENT AGENCIES (LEVEL OF LOCAL GOVERNMENT),43891373.64,Germany,2018,Local government,,43891373.64,DEU,2018/01/01,2018/12/31
"MINING AUTHORITIES (LEVEL OF STATE GOVERNEMENT (""LÄNDER""))",241967347.25,Germany,2018,State government,,241967347.25,DEU,2018/01/01,2018/12/31
MUNICIPALITIES (LEVEL OF LOCAL GOVERNMENT),173974163.32,Germany,2018,Local government,,173974163.32,DEU,2018/01/01,2018/12/31
"TAX OFFICES (LEVEL OF STATE GOVERNMENT (""LÄNDER""))",184194823.13,Germany,2018,Local government,,184194823.13,DEU,2018/01/01,2018/12/31
GOVERNMENT AGENCIES (LEVEL OF LOCAL GOVERNMENT),31646728.61,Germany,2019,Local government,,31646728.61,DEU,2019/01/01,2019/12/31
"MINING AUTHORITIES (LEVEL OF STATE GOVERNEMENT (""LÄNDER""))",218001921.92,Germany,2019,State government,,218001921.92,DEU,2019/01/01,2019/12/31
MUNICIPALITIES (LEVEL OF LOCAL GOVERNMENT),129179902.07000001,Germany,2019,Local government,,129179902.07,DEU,2019/01/01,2019/12/31
"TAX OFFICES (LEVEL OF STATE GOVERNMENT (""LÄNDER""))",120718118.23,Germany,2019,Local government,,120718118.23,DEU,2019/01/01,2019/12/31
GOVERNMENT AGENCIES (LEVEL OF LOCAL GOVERNMENT),23230056.76,Germany,2020,Local government,,23230056.76,DEU,2020/01/01,2020/12/31
"MINING AUTHORITIES (LEVEL OF STATE GOVERNMENT (""LÄNDER""))",99297607.94,Germany,2020,State government,,99297607.94,DEU,2020/01/01,2020/12/31
MUNICIPALITIES (LEVEL OF LOCAL GOVERNMENT),45354798.17,Germany,2020,Local government,,45354798.17,DEU,2020/01/01,2020/12/31
"TAX OFFICES (LEVEL OF STATE GOVERNMENT (""LÄNDER""))",28754271.26,Germany,2020,Local government,,28754271.26,DEU,2020/01/01,2020/12/31
AMANSIE SOUTH DISTRICT ASSEMBLY,241900.0,Ghana,2017,,,,,,
ASUTIFI DISTRICT ASSEMBLY,0.0,Ghana,2017,Local government,,,GHA,2017/01/01,2017/12/31
BIBIANI /AHWIASO /BEKWAI DISTRICT ASSEMBLY,0.0,Ghana,2017,Local government,,,GHA,2017/01/01,2017/12/31
BIBIANI /AHWIASO /BEKWAI DISTRICT ASSEMBLY,0.0,Ghana,2017,Local government,,,GHA,2017/01/01,2017/12/31
BIRIM NORTH DISTRICT ASSEMBLY,434500.0,Ghana,2017,,,,,,
DENKYIRA DISTRICT ASSEMBLY,0.0,Ghana,2017,Local government,,,GHA,2017/01/01,2017/12/31
ELLEMBELLE,50000.0,Ghana,2017,Local government,,50000,GHA,2017/01/01,2017/12/31
ENVIRONMENTAL PROTECTION AGENCY,7844298.65,Ghana,2017,Central goverment,,7844298.65,GHA,2017/01/01,2017/12/31
GHANA NATIONAL PETROLEUM COMPANY,20601362.27,Ghana,2017,Central goverment,,20601362.27,GHA,2017/01/01,2017/12/31
GHANA RAILWAY AUTHORITY,15663916.0,Ghana,2017,Central goverment,,15663916,GHA,2017/01/01,2017/12/31
GHANA REVENUE AUTHORITY,3716068741.63,Ghana,2017,Central goverment,,3716068741.63,GHA,2017/01/01,2017/12/31
"METROPOLITAN, MUNICIPAL AND DISTRICT ASSEMBLIES",0.0,Ghana,2017,Local government,,,GHA,2017/01/01,2017/12/31
MINERALS COMMISSION,46704251.45,Ghana,2017,Central goverment,,46704251.45,GHA,2017/01/01,2017/12/31
MINISTRY OF ENERGY,0.0,Ghana,2017,Central goverment,,,GHA,2017/01/01,2017/12/31
MINISTRY OF FINANCE,29593891.06,Ghana,2017,Central goverment,,29593891.06,GHA,2017/01/01,2017/12/31
MINISTRY OF LANDS AND NATURAL RESOURCES,0.0,Ghana,2017,Central goverment,,,GHA,2017/01/01,2017/12/31
MPOHOR WASSA EAST,44206.0,Ghana,2017,Local government,,44206,GHA,2017/01/01,2017/12/31
OFFICE OF THE ADMINISTRATOR OF STOOL LANDS,13318084.0,Ghana,2017,Central goverment,,13318084,GHA,2017/01/01,2017/12/31
PETROLEUM COMMISSION,23053295.89,Ghana,2017,Central goverment,,23053295.46,GHA,2017/01/01,2017/12/31
PRESTEA HUNI VALLEY DISTRICT ASSEMBLY,126556.0,Ghana,2017,,,,,,
SEFWI WIASO DISTRICT ASSEMBLY,130563.0,Ghana,2017,,,,,,
TARKWA NSUAEM MUNICIPAL ASSEMBLY,470801.0,Ghana,2017,,,,,,
YILO KROBO DISTRICT ASSEMBLY,0.0,Ghana,2017,Local government,,,GHA,2017/01/01,2017/12/31
AMANSIE SOUTH DISTRICT ASSEMBLY,241900.0,Ghana,2018,,,,,,
ASUTIFI DISTRICT ASSEMBLY,0.0,Ghana,2018,Local government,,,GHA,2018/01/01,2018/12/31
BIBIANI /AHWIASO /BEKWAI DISTRICT ASSEMBLY,0.0,Ghana,2018,,,,,,
BIRIM NORTH DISTRICT ASSEMBLY,434500.0,Ghana,2018,,,,,,
DENKYIRA DISTRICT ASSEMBLY,0.0,Ghana,2018,Local government,,,GHA,2018/01/01,2018/12/31
ELLEMBELLE,50000.0,Ghana,2018,Local government,,50000,GHA,2018/01/01,2018/12/31
ENVIRONMENTAL PROTECTION AGENCY,15778843.059999999,Ghana,2018,Central goverment,,15778843.06,GHA,2018/01/01,2018/12/31
GHANA NATIONAL PETROLEUM COMPANY,23128519.17,Ghana,2018,Central goverment,,23128519.17,GHA,2018/01/01,2018/12/31
GHANA RAILWAY AUTHORITY,17864451.13,Ghana,2018,Central goverment,,17864451.13,GHA,2018/01/01,2018/12/31
GHANA REVENUE AUTHORITY,5986043296.9,Ghana,2018,Central goverment,,5986043296.91,GHA,2018/01/01,2018/12/31
"METROPOLITAN, MUNICIPAL AND DISTRICT ASSEMBLIES",0.0,Ghana,2018,Local government,,,GHA,2018/01/01,2018/12/31
MINERALS COMMISSION,48065684.81,Ghana,2018,Central goverment,,48065684.81,GHA,2018/01/01,2018/12/31
MINISTRY OF ENERGY,0.0,Ghana,2018,Central goverment,,,GHA,2018/01/01,2018/12/31
MINISTRY OF FINANCE,112070960.0,Ghana,2018,Central goverment,,112070960,GHA,2018/01/01,2018/12/31
MINISTRY OF LANDS AND NATURAL RESOURCES,0.0,Ghana,2018,Central goverment,,,GHA,2018/01/01,2018/12/31
MPOHOR WASSA EAST,44206.0,Ghana,2018,Local government,,44206,GHA,2018/01/01,2018/12/31
OFFICE OF THE ADMINISTRATOR OF STOOL LANDS,7809541.0,Ghana,2018,Central goverment,,7809541,GHA,2018/01/01,2018/12/31
PETROLEUM COMMISSION,22375915.060000002,Ghana,2018,Central goverment,,22375915.06,GHA,2018/01/01,2018/12/31
PRESTEA HUNI VALLEY DISTRICT ASSEMBLY,126556.0,Ghana,2018,,,,,,
SEFWI WIASO DISTRICT ASSEMBLY,130563.0,Ghana,2018,,,,,,
TARKWA NSUAEM MUNICIPAL ASSEMBLY,470801.82,Ghana,2018,,,,,,
YILO KROBO DISTRICT ASSEMBLY,0.0,Ghana,2018,Local government,,,GHA,2018/01/01,2018/12/31
AMANSIE CENTRAL DISTRICT ASSEMBLY,0.0,Ghana,2019,Local government,,,GHA,2019/01/01,2019/12/31
AMANSIE SOUTH DISTRICT ASSEMBLY,87352.0,Ghana,2019,Local government,,,GHA,2019/01/01,2019/12/31
AMANSIE WEST DISTRICT ASSEMBLY,0.0,Ghana,2019,Local government,,,GHA,2019/01/01,2019/12/31
ASUTIFI DISTRICT ASSEMBLY,70461.0,Ghana,2019,Local government,,,GHA,2019/01/01,2019/12/31
ASUTIFI NORTH DISTRICT ASSEMBLY,0.0,Ghana,2019,Local government,,,GHA,2019/01/01,2019/12/31
BIBIANI /AHWIASO /BEKWAI DISTRICT ASSEMBLY,42083.0,Ghana,2019,Local government,,,GHA,2019/01/01,2019/12/31
BIRIM NORTH DISTRICT ASSEMBLY,288082.0,Ghana,2019,,,,,,
ELLEMBELLE,34748.0,Ghana,2019,Local government,,,GHA,2019/01/01,2019/12/31
ENVIRONMENTAL PROTECTION AGENCY,2074062.5499999998,Ghana,2019,Central goverment,,,GHA,2019/01/01,2019/12/31
FORESTRY COMMISSION,3846221.0,Ghana,2019,Central goverment,,,GHA,2019/01/01,2019/12/31
GHANA NATIONAL PETROLEUM COMPANY,4272229.22,Ghana,2019,Central goverment,,,GHA,2019/01/01,2019/12/31
GHANA RAILWAY AUTHORITY,0.0,Ghana,2019,Central goverment,,,GHA,2019/01/01,2019/12/31
GHANA REVENUE AUTHORITY,1466764659.54,Ghana,2019,Central goverment,,,GHA,2019/01/01,2019/12/31
"METROPOLITAN, MUNICIPAL AND DISTRICT ASSEMBLIES",0.0,Ghana,2019,Local government,,,GHA,2019/01/01,2019/12/31
MINERALS COMMISSION,22983836.72,Ghana,2019,Central goverment,,,GHA,2019/01/01,2019/12/31
MINISTRY OF ENERGY,0.0,Ghana,2019,Central goverment,,,GHA,2019/01/01,2019/12/31
MINISTRY OF FINANCE,7436127.95,Ghana,2019,Central goverment,,,GHA,2019/01/01,2019/12/31
MINISTRY OF LANDS AND NATURAL RESOURCES,0.0,Ghana,2019,Central goverment,,,GHA,2019/01/01,2019/12/31
MPOHOR WASSA EAST,32936.0,Ghana,2019,Local government,,,GHA,2019/01/01,2019/12/31
MPOHOR WASSA EAST,32936.0,Ghana,2019,Local government,,,GHA,2019/01/01,2019/12/31
OBUASI MUNICIPAL ASSEMBLY,96521.0,Ghana,2019,Local government,,,GHA,2019/01/01,2019/12/31
OBUASI MUNICIPAL ASSEMBLY,96521.0,Ghana,2019,Local government,,,GHA,2019/01/01,2019/12/31
OFFICE OF THE ADMINISTRATOR OF STOOL LANDS,1934263.58,Ghana,2019,Central goverment,,,GHA,2019/01/01,2019/12/31
PETROLEUM COMMISSION,14216217.89,Ghana,2019,Central goverment,,,GHA,2019/01/01,2019/12/31
PRESTEA HUNI VALLEY DISTRICT ASSEMBLY,32501.0,Ghana,2019,Local government,,,GHA,2019/01/01,2019/12/31
SEFWI WIASO DISTRICT ASSEMBLY,10788.0,Ghana,2019,Local government,,,GHA,2019/01/01,2019/12/31
TARKWA NSUAEM MUNICIPAL ASSEMBLY,529573.0,Ghana,2019,Local government,,,GHA,2019/01/01,2019/12/31
UPPER DENKYIRA WEST DISTRICT ASSEMBLY,84712.0,Ghana,2019,Local government,,,GHA,2019/01/01,2019/12/31
UPPER DENKYIRA WEST DISTRICT ASSEMBLY,84712.0,Ghana,2019,Local government,,,GHA,2019/01/01,2019/12/31
WASSA AMENFI EAST MUNICIPAL ASSEMBLY,0.0,Ghana,2019,Local government,,,GHA,2019/01/01,2019/12/31
MINISTERIO DE AMBIENTE Y RECURSOS NATURALES (MARN),1256433.75,Guatemala,2017,Central government,<Use Legal Entity Identifier if available>,1256433.75,GTM,2017/01/01,2017/12/01
MINISTERIO DE ENERGIA Y MINAS (MEM),228058363.73000002,Guatemala,2017,Central government,<Use Legal Entity Identifier if available>,228058363.73,GTM,2017/01/01,2017/12/01
MINISTERIO DE FINANZAS PUBLICAS (MINFIN),40472231.93,Guatemala,2017,Central government,<Use Legal Entity Identifier if available>,40472231.93,GTM,2017/01/01,2017/12/01
MUNICIPALIDADES,63301988.419999994,Guatemala,2017,Local government,<Use Legal Entity Identifier if available>,63301988.42,GTM,2017/01/01,2017/12/01
SUPERINTENDENCIA DE ADMINISTRACIÓN TRIBUTARIA (SAT),149007097.6,Guatemala,2017,Central government,<Use Legal Entity Identifier if available>,149007097.6,GTM,2017/01/01,2017/12/01
VICEPRESIDENCIA DE LA REPÚBLICA DE GUATEMALA,0.0,Guatemala,2017,State government,994316206,-,GTM,2017/01/01,2017/12/01
ENVIRONMENTAL PROTECTION AGENCY (EPA),69432946.0,Guyana,2018,Central goverment,EPA,69432946,GUY,1/1/2018,12/31/2018
GUYANA GEOLOGY AND MINES COMMISSION (GGMC),1855963249.0,Guyana,2018,Central goverment,GGMC,1855963249,GUY,1/1/2018,12/31/2018
GUYANA GOLD BOARD (GGB),4542934862.0,Guyana,2018,State-owned enterprises & public corporations,GGB,4542934862,GUY,1/1/2018,12/31/2018
GUYANA REVENUE AUTHORITY (GRA),3515590411.0,Guyana,2018,Central goverment,GRA,3515590411,GUY,1/1/2018,12/31/2018
MINISTRY OF FINANCE (MOF),4277842911.0,Guyana,2018,Central goverment,MoF,4277842911,GUY,1/1/2018,12/31/2018
NATIONAL INDUSTRIAL AND COMMERCIAL INVESTMENTS LTD (NICIL),0.0,Guyana,2018,State-owned enterprises & public corporations,NICIL,,GUY,1/1/2018,12/31/2018
NATIONAL INSURANCE SCHEME,0.0,Guyana,2018,Central goverment,NIS,,GUY,1/1/2018,12/31/2018
BASRA OIL COMPANY,0.0,Iraq,2017,Public corporations & state-owned enterprises,Not applicable,,IRQ,1/1/2017,12/31/2017
MIDLAND OIL COMPANY,0.0,Iraq,2017,Public corporations & state-owned enterprises,Not applicable,,IRQ,1/1/2017,12/31/2017
MINISTRY OF FINANCE,60216435769.0,Iraq,2017,Central goverment,Not applicable,60216435769,IRQ,1/1/2017,12/31/2017
MINISTRY OF OIL,244925278.38,Iraq,2017,Central goverment,Not applicable,244925278.38,IRQ,1/1/2017,12/31/2017
MISSAN OIL COMPANY,0.0,Iraq,2017,Public corporations & state-owned enterprises,Not applicable,,IRQ,1/1/2017,12/31/2017
NORTH OIL COMPANY,0.0,Iraq,2017,Public corporations & state-owned enterprises,Not applicable,,IRQ,1/1/2017,12/31/2017
OIL EXPLORATION COMPANY,0.0,Iraq,2017,Public corporations & state-owned enterprises,Not applicable,,IRQ,1/1/2017,12/31/2017
STATE OIL MARKETING COMPANY (SOMO),0.0,Iraq,2017,,,,,,
BASRA OIL COMPANY,378764805.0,Iraq,2018,State-owned enterprises & public corporations,,378764805,IRQ,1/1/2018,12/31/2018
KURDISTAN REGIONAL GOVERNMENT (KRG),7720297020.0,Iraq,2018,State government,,7720297020,IRQ,1/1/2018,12/31/2018
MIDLAND OIL COMPANY,72165821.0,Iraq,2018,State-owned enterprises & public corporations,,72165821,IRQ,1/1/2018,12/31/2018
MINISTRY OF FINANCE,84823310707.0,Iraq,2018,Central goverment,,84823310707,IRQ,1/1/2018,12/31/2018
MINISTRY OF OIL,0.0,Iraq,2018,Central goverment,,,IRQ,1/1/2018,12/31/2018
MISSAN OIL COMPANY,196912014.0,Iraq,2018,State-owned enterprises & public corporations,,196912014,IRQ,1/1/2018,12/31/2018
NORTH OIL COMPANY,266180203.0,Iraq,2018,State-owned enterprises & public corporations,,266180203,IRQ,1/1/2018,12/31/2018
STATE OIL MARKETING COMPANY (SOMO),0.0,Iraq,2018,State-owned enterprises & public corporations,,,IRQ,1/1/2018,12/31/2018
THI QAR OIL COMPANY,70896785.0,Iraq,2018,State-owned enterprises & public corporations,,70896785,IRQ,1/1/2018,12/31/2018
ENVIRONMENTAL PROTECTION AUTHORITY (EPA),614553.0,Liberia,2018,,,,,,
LIBERIA CIVIL AVIATION AUTHORITY (LCAA),8680.0,Liberia,2018,,,,,,
LIBERIA REVENUE AUTHORITY (LRA),32737656.0,Liberia,2018,,,,,,
NATIONAL OIL COMPANY OF LIBERIA (NOCAL),375000.0,Liberia,2018,,,,,,
NATIONAL PORT AUTHORITY (NPA),1987696.0,Liberia,2018,,,,,,
ENVIRONMENTAL PROTECTION AUTHORITY (EPA),293977.0,Liberia,2019,State government,Not applicable,293977,LBR,7/1/2018,6/30/2019
LIBERIA CIVIL AVIATION AUTHORITY (LCAA),11200.0,Liberia,2019,State government,Not applicable,11200,LBR,7/1/2018,6/30/2019
LIBERIA REVENUE AUTHORITY (LRA),36471384.29,Liberia,2019,State government,Not applicable,36471384.68,LBR,7/1/2018,6/30/2019
NATIONAL OIL COMPANY OF LIBERIA (NOCAL),0.0,Liberia,2019,State-owned enterprises & public corporations,Not applicable,,LBR,7/1/2018,6/30/2019
NATIONAL PORT AUTHORITY (NPA),2354880.13,Liberia,2019,State government,Not applicable,2354880.13,LBR,7/1/2018,6/30/2019
ADMINISTRATION DES DOMAINES,2190570403.03,Madagascar,2017,Central government,,2190570403.03,MDG,1/1/2017,12/31/2017
AUTRES,12293554466.109999,Madagascar,2017,Other,,12293554466.11,MDG,1/1/2017,12/31/2017
BUREAU DU CADASTRE MINIER DE MADAGASCAR,13259282605.0,Madagascar,2017,State-owned enterprises & public corporations,,13259282605,MDG,1/1/2017,12/31/2017
CAISSE NATIONALE DE PRÉVOYANCE SOCIALE,8770350420.42,Madagascar,2017,State-owned enterprises & public corporations,,8770350420.42,MDG,1/1/2017,12/31/2017
COLLECTIVITÉS TERRITORIALES DÉCENTRALISÉES (RÉGIONS ET/OU COMMUNES),624845134.56,Madagascar,2017,Local government,,624845134.56,MDG,1/1/2017,12/31/2017
DIRECTION GÉNÉRALE DES DOUANES,30015589071.5,Madagascar,2017,Central government,,30015589071.19,MDG,1/1/2017,12/31/2017
DIRECTION GÉNÉRALE DES IMPÔTS,65553558864.85999,Madagascar,2017,Central government,,65553558864.86,MDG,1/1/2017,12/31/2017
DIRECTION GÉNÉRALE DES MINES,6609535107.4,Madagascar,2017,Central government,,6609535107.86,MDG,1/1/2017,12/31/2017
OFFICE DES MINES NATIONALES ET DES INDUSTRIES STRATÉGIQUES,2303886291.63,Madagascar,2017,State-owned enterprises & public corporations,,2303886291.82,MDG,1/1/2017,12/31/2017
OFFICE NATIONAL POUR L'ENVIRONNEMENT,282766719.0,Madagascar,2017,,,,,,
PORT: SOCIÉTÉ DE MANUTENTION DES MARCHANDISES CONVENTIONNELS ET/OU MADAGASCAR INTERNATIONAL CONTAINER TERMINAL SERVICES LIMITED,467558978.0,Madagascar,2017,Other,,467558977.65,MDG,1/1/2017,12/31/2017
SOCIÉTÉ DU PORT À GESTION AUTONOME DE TOAMASINA,6633466877.23,Madagascar,2017,State-owned enterprises & public corporations,,6633466877.3,MDG,1/1/2017,12/31/2017
ADMINISTRATION DES DOMAINES,1966405526.34,Madagascar,2018,Central government,,1966405526.34,MDG,1/1/2018,12/31/2018
AUTRES,13512241255.82,Madagascar,2018,Other,,13512241255.82,MDG,1/1/2018,12/31/2018
BUREAU DU CADASTRE MINIER DE MADAGASCAR,11003086546.0,Madagascar,2018,State-owned enterprises & public corporations,,11003086546,MDG,1/1/2018,12/31/2018
CAISSE NATIONALE DE PRÉVOYANCE SOCIALE,8972278660.8,Madagascar,2018,State-owned enterprises & public corporations,,8972278660.8,MDG,1/1/2018,12/31/2018
COLLECTIVITÉS TERRITORIALES DÉCENTRALISÉES (RÉGIONS ET/OU COMMUNES),97059482.81,Madagascar,2018,Local government,,97059482.81,MDG,1/1/2018,12/31/2018
DIRECTION GÉNÉRALE DES DOUANES,34278602831.0,Madagascar,2018,Central government,,34278602831.25,MDG,1/1/2018,12/31/2018
DIRECTION GÉNÉRALE DES IMPÔTS,83326626033.19,Madagascar,2018,Central government,,83326626033.19,MDG,1/1/2018,12/31/2018
DIRECTION GÉNÉRALE DES MINES,70836852526.72,Madagascar,2018,Central government,,70836852526.7,MDG,1/1/2018,12/31/2018
OFFICE DES MINES NATIONALES ET DES INDUSTRIES STRATÉGIQUES,3116838286.2,Madagascar,2018,State-owned enterprises & public corporations,,3116838286.2,MDG,1/1/2018,12/31/2018
OFFICE NATIONAL POUR L'ENVIRONNEMENT,470473460.0,Madagascar,2018,,,,,,
PORT: SOCIÉTÉ DE MANUTENTION DES MARCHANDISES CONVENTIONNELS ET/OU MADAGASCAR INTERNATIONAL CONTAINER TERMINAL SERVICES LIMITED,315832260.0,Madagascar,2018,Other,,315832259.55,MDG,1/1/2018,12/31/2018
SOCIÉTÉ DU PORT À GESTION AUTONOME DE TOAMASINA,7404793879.66,Madagascar,2018,State-owned enterprises & public corporations,,7404793879.22,MDG,1/1/2018,12/31/2018
AUTORITÉ POUR LA PROMOTION DE LA RECHERCHE PÉTROLIÈRE (AUREP),450446000.0,Mali,2017,Central goverment,,450446000,MLI,1/1/2017,12/31/2017
DIRECTION DES GRANDES ENTREPRISES (DGE),170834838976.0,Mali,2017,Central goverment,,224556243943,MLI,1/1/2017,12/31/2017
DIRECTION GÉNÉRALE DE LA DOUANE (DGD),51435524990.0,Mali,2017,Central goverment,,51435524990,MLI,1/1/2017,12/31/2017
DIRECTION NATIONALE DE LA GÉOLOGIE ET DES MINES (DNGM),948510819.0,Mali,2017,Central goverment,,948510819,MLI,1/1/2017,12/31/2017
DIRECTION NATIONALE DES DOMAINES ET DU CADASTRE (DNDC),38570287913.0,Mali,2017,Central goverment,,38570287913,MLI,1/1/2017,12/31/2017
DIRECTIONS RÉGIONALES DES IMPÔTS (DRI),5848488900.0,Mali,2017,Central goverment,,5848488900,MLI,1/1/2017,12/31/2017
INSTITUT NATIONAL DE PRÉVOYANCE SOCIALE (INPS),29059963551.0,Mali,2017,Central goverment,,29059963551,MLI,1/1/2017,12/31/2017
AUTORITÉ POUR LA PROMOTION DE LA RECHERCHE PÉTROLIÈRE (AUREP),232935000.0,Mali,2018,Central government,,232935000,MLI,1/1/2018,12/31/2018
DIRECTION DES GRANDES ENTREPRISES (DGE),148649504515.0,Mali,2018,Central government,,190462276581,MLI,1/1/2018,12/31/2018
DIRECTION GÉNÉRALE DE LA DOUANE (DGD),45944400148.0,Mali,2018,Central government,,45944400148,MLI,1/1/2018,12/31/2018
DIRECTION NATIONALE DE LA GÉOLOGIE ET DES MINES (DNGM),789176458.0,Mali,2018,Central government,,789176458,MLI,1/1/2018,12/31/2018
DIRECTION NATIONALE DES DOMAINES ET DU CADASTRE (DNDC),34379583649.0,Mali,2018,Central government,,34379583649,MLI,1/1/2018,12/31/2018
DIRECTIONS RÉGIONALES DES IMPÔTS (DRI),7628729705.0,Mali,2018,Central government,,7628729705,MLI,1/1/2018,12/31/2018
INSTITUT NATIONAL DE PRÉVOYANCE SOCIALE (INPS),27179037599.0,Mali,2018,Central government,,27179037599,MLI,1/1/2018,12/31/2018
BANQUE CENTRALE DE MAURITANIE (BCM),0.0,Mauritania,2017,Central government,,,MRT,1/1/2017,12/31/2017
DIRECTION DU TRÉSOR ET DE LA COMPTABILITÉ PUBLIQUE (DGTCP),68631563991.39,Mauritania,2017,Central government,,68631563990.97,MRT,1/1/2017,12/31/2017
DIRECTION GÉNÉRALE DES DOUANES (DGD),0.0,Mauritania,2017,Central government,,,MRT,1/1/2017,12/31/2017
DIRECTION GÉNÉRALE DES MINES (DGM),0.0,Mauritania,2017,Central government,,,MRT,1/1/2017,12/31/2017
SOCIÉTÉ MAURITANIENNE DES HYDROCARBURES ET DU PATRIMOINE MINIER (SMHPM),0.0,Mauritania,2017,State-owned enterprises & public corporations,,,MRT,1/1/2017,12/31/2017
SOCIÉTÉ NATIONALE INDUSTRIELLE ET MINIÈRE (SNIM),0.0,Mauritania,2017,State-owned enterprises & public corporations,,,MRT,1/1/2017,12/31/2017
FONDO MEXICANO DEL PETRÓLEO,439057497616.18,Mexico,2017,Central goverment,,439057497616.15,MEX,1/1/2017,12/31/2017
NON-DISAGGREGATED REVENUE FLOWS,0.0,Mexico,2017,Central goverment,,,MEX,1/1/2017,12/31/2017
SERVICIO DE ADMINISTRACIÓN TRIBUTARIA,34419490452.0,Mexico,2017,Central goverment,,34419490452,MEX,1/1/2017,12/31/2017
FONDO MEXICANO DEL PETRÓLEO,548675000000.0,Mexico,2018,Central government,FMP140930MW3,548675000000,MEX,1/1/2018,12/31/2018
NON-DISAGGREGATED REVENUE FLOWS,0.0,Mexico,2018,Central government,,,MEX,1/1/2018,12/31/2018
SERVICIO DE ADMINISTRACIÓN TRIBUTARIA,46912800000.0,Mexico,2018,Central government,SAT970701NN3,46912800000,MEX,1/1/2018,12/31/2018
GENERAL AGENCY FOR HEALTH AND SOCIAL INSURANCE,205917599000.0,Mongolia,2018,State government,9081739,205917599000,MNG,1/1/2018,12/31/2018
GENERAL AGENCY FOR LABOR WELFARE SERVICES,13761855000.0,Mongolia,2018,State government,,13761855000,MNG,1/1/2018,12/31/2018
GENERAL DEPARTMENT OF TAXATION,1811753990000.0,Mongolia,2018,State government,6097898,1811753990000,MNG,1/1/2018,12/31/2018
GOVERNMENT AGENCY FOR POLICY COORDINATION ON STATE PROPERTY,35287247000.0,Mongolia,2018,State government,6098169,35287247000,MNG,1/1/2018,12/31/2018
LOCAL ADMINISTRATIVE,67057991000.0,Mongolia,2018,Local government,,67057991000,MNG,1/1/2018,12/31/2018
LOCAL GOVERNOR DEPARTMENT,86132915000.0,Mongolia,2018,Local government,,86132915000,MNG,1/1/2018,12/31/2018
MINERAL RESOURCES AND PETROLEUM AUTHORITY OF MONGOLIA,282788326000.0,Mongolia,2018,,,,,,
"MINISTRY OF ENVIRONMENT, NATURE AND TOURISM",531930000.0,Mongolia,2018,State government,9085084,531930000,MNG,1/1/2018,12/31/2018
MINISTRY OF FINANCE,0.0,Mongolia,2018,State government,9131787,,MNG,1/1/2018,12/31/2018
MONGOLIAN CUSTOMS GENERAL ADMINISTRATION,247505544000.0,Mongolia,2018,State government,6097863,247505544000,MNG,1/1/2018,12/31/2018
OTHER,87964991587.0,Mongolia,2018,State government,,87964991587,MNG,1/1/2018,12/31/2018
STATE ADMINISTRATIVE BODY,22945310000.0,Mongolia,2018,State government,,22945310000,MNG,1/1/2018,12/31/2018
CUSTOMS GENERAL ADMINISTRATION,317521119816.12,Mongolia,2019,State-owned enterprises & public corporations,,317521119815.58,MNG,1/1/2019,12/31/2019
DONATIONS AND SUPPORTS RECEIVED BY GOVERNMENT ENTITIES,34545143529.0,Mongolia,2019,Other,,34545143528.6,MNG,1/1/2019,12/31/2019
GENERAL DEPARTMENT OF TAXATION,2477732212692.82,Mongolia,2019,State government,,2477732212693.06,MNG,1/1/2019,12/31/2019
MINERAL RESOURCES AND PETROLEUM AUTHORITY OF MONGOLIA,314711389427.2,Mongolia,2019,State government,,314711389427.2,MNG,1/1/2019,12/31/2019
MINISTRY OF ENVIRONMENT AND TOURISM,1466557207.74,Mongolia,2019,Central goverment,,1466557207.74,MNG,1/1/2019,12/31/2019
MINISTRY OF FINANCE,152939883876.0,Mongolia,2019,Central goverment,,152939883876.28,MNG,1/1/2019,12/31/2019
MINISTRY OF LABOR AND SOCIAL PROTECTION,21533255509.0,Mongolia,2019,Central goverment,,21533255508.67,MNG,1/1/2019,12/31/2019
OTHER,51191621914.0,Mongolia,2019,Other,,51191621914.04,MNG,1/1/2019,12/31/2019
SOCIAL INSURANCE GENERAL OFFICE,290944218122.0,Mongolia,2019,State government,,290944218121.55,MNG,1/1/2019,12/31/2019
SUBNATIONAL LEVEL,135862946415.9,Mongolia,2019,Local government,,135862946414.38,MNG,1/1/2019,12/31/2019
CUSTOMS GENERAL ADMINISTRATION,268344475115.0,Mongolia,2020,State-owned enterprises & public corporations,,268344475114.61,MNG,1/1/2020,12/31/2020
GENERAL DEPARTMENT OF TAXATION,2136383403372.0,Mongolia,2020,State government,,2136383403371.48,MNG,1/1/2020,12/31/2020
MINERAL RESOURCES AND PETROLEUM AUTHORITY OF MONGOLIA,139067763634.0,Mongolia,2020,State government,,139067763633.49,MNG,1/1/2020,12/31/2020
MINISTRY OF FINANCE,155040000000.0,Mongolia,2020,Central goverment,,155040000000,MNG,1/1/2020,12/31/2020
MINISTRY OF LABOR AND SOCIAL PROTECTION,9935697521.0,Mongolia,2020,Central goverment,,9935697521,MNG,1/1/2020,12/31/2020
OTHER,56774248093.0,Mongolia,2020,Other,,56774248093.17,MNG,1/1/2020,12/31/2020
SOCIAL INSURANCE GENERAL OFFICE,310650928295.0,Mongolia,2020,State government,,310650928295.27,MNG,1/1/2020,12/31/2020
SUBNATIONAL LEVEL,146920384182.0,Mongolia,2020,Local government,,146920384182.49,MNG,1/1/2020,12/31/2020
EMPRESA NACIONAL DE HIDROCARBONETOS EP (ENH),3527636.7,Mozambique,2019,,,,,,
INSTITUTE FOR MANAGEMENT OF STATE SHAREHOLDINGS,530648972.46,Mozambique,2019,Central goverment,,530648972.46,MOZ,1/1/2019,12/31/2019
NATIONAL MINING INSTITUTE,7000.0,Mozambique,2019,Central goverment,,7000,MOZ,1/1/2019,12/31/2019
NATIONAL PETROLEUM INSTITUTE,7250000.0,Mozambique,2019,Central goverment,,7250000,MOZ,1/1/2019,12/31/2019
TAX REVENUE AUTHORITY,14555787109.92,Mozambique,2019,Central goverment,,14555787110.25,MOZ,1/1/2019,12/31/2019
DEPARTMENT OF GEOLOGICAL SURVEY AND MINERAL EXPLORATION (DGSE),5000000.0,Myanmar,2018,Central goverment,Not applicable,5000000,MMR,4/1/2017,3/31/2018
DEPARTMENT OF MINES (DOM),6017598697.0,Myanmar,2018,Central goverment,Not applicable,6017598697.29,MMR,4/1/2017,3/31/2018
DEPARTMENT OF TRADING (DOT),4559476231.0,Myanmar,2018,Central goverment,Not applicable,4559476231,MMR,4/1/2017,3/31/2018
FOREST DEPARTMENT (FD),485383972.0,Myanmar,2018,Central goverment,Not applicable,485383972,MMR,4/1/2017,3/31/2018
INTERNAL REVENUE DEPARTMENT (IRD),353671807113.0,Myanmar,2018,Central goverment,Not applicable,353671807113.44,MMR,4/1/2017,3/31/2018
ME1 & ME2,17742038531.58,Myanmar,2018,State-owned enterprises & public corporations,Not applicable,17742038531.57,MMR,4/1/2017,3/31/2018
MYANMAR CUSTOMS DEPARTMENT (MCD),11274258886.0,Myanmar,2018,Central goverment,Not applicable,11274258886.19,MMR,4/1/2017,3/31/2018
MYANMAR GEMS ENTERPRISE,376156967920.06,Myanmar,2018,State-owned enterprises & public corporations,Not applicable,376156967920.05,MMR,4/1/2017,3/31/2018
MYANMAR OIL AND GAS ENTERPRISE,1145387244121.0,Myanmar,2018,State-owned enterprises & public corporations,Not applicable,1145387244121,MMR,4/1/2017,3/31/2018
MYANMAR PEARL ENTREPRISE,45030000.0,Myanmar,2018,State-owned enterprises & public corporations,Not applicable,45030000,MMR,4/1/2017,3/31/2018
CENTRAL BANK OF NIGERIA,10213093055.27,Nigeria,2017,Central goverment,Not available,10213093055.56,NGA,1/1/2017,12/31/2017
DEPARTMENT OF PETROLEUM RESOURCES,2465947973.82,Nigeria,2017,Central goverment,Not available,2465947974.55,NGA,1/1/2017,12/31/2017
FEDERAL INLAND REVENUE SERVICE,6305006083.77,Nigeria,2017,Central goverment,Not available,6305006083.27,NGA,1/1/2017,12/31/2017
MINING CADASTRAL OFFICE,998505.3600000001,Nigeria,2017,Central goverment,Not available,998505.97,NGA,1/1/2017,12/31/2017
MINING INSPECTORATE DIVISION,4343624.23,Nigeria,2017,Central goverment,Not available,4343624.65,NGA,1/1/2017,12/31/2017
NIGER DELTA DEVELOPMENT COMMISSION,545328071.0,Nigeria,2017,Other,Not available,545328071.31,NGA,1/1/2017,12/31/2017
NIGERIA - SAO TOME & PRINCIPE JOINT DEVELOPMENT AUTHORITY,0.0,Nigeria,2017,Central goverment,Not available,,NGA,1/1/2017,12/31/2017
NIGERIAN CONTENT DEVELOPMENT AND MONITORING BOARD (NCDMB),99609247.0,Nigeria,2017,,,,,,
NIGERIAN NATIONAL PETROLEUM CORPORATION (NNPC),933210229.58,Nigeria,2017,,,,,,
DEPARTMENT OF PETROLEUM RESOURCES,4937289764.96,Nigeria,2018,Central goverment,Oil & Gas,4937289764.95,NGA,1/1/2018,12/31/2018
FEDERAL INLAND REVENUE SERVICE,65688955017.46,Nigeria,2018,Central goverment,Mining,215021129.35,NGA,1/1/2018,12/31/2018
FEDERAL INLAND REVENUE SERVICE (FOR OIL & GAS),9082224200.64,Nigeria,2018,Central goverment,Oil & Gas,9082224200.64,NGA,1/1/2018,12/31/2018
FEDERAL MINISTRY OF FINANCE,37043081.9,Nigeria,2018,Central goverment,Oil & Gas,37043081.9,NGA,1/1/2018,12/31/2018
MINES INSPECTORATE DEPARTMENT,2210768006.0,Nigeria,2018,Central goverment,Mining,7236556.48,NGA,1/1/2018,12/31/2018
MINING CADASTRAL OFFICE,1571099265.0,Nigeria,2018,Central goverment,Mining,5142714.45,NGA,1/1/2018,12/31/2018
NIGER DELTA DEVELOPMENT COMMISSION,683383325.73,Nigeria,2018,Other,Oil & Gas,683383325.73,NGA,1/1/2018,12/31/2018
NIGERIAN CONTENT DEVELOPMENT AND MONITORING BOARD (NCDMB),160010089.26,Nigeria,2018,Other,Oil & Gas,160010089.26,NGA,1/1/2018,12/31/2018
NIGERIAN NATIONAL PETROLEUM CORPORATION (NNPC),17726083402.15,Nigeria,2018,State-owned enterprises & public corporations,Oil & Gas,17726083402.15,NGA,1/1/2018,12/31/2018
DIRECTORATE OF CUSTOMS AND EXCISE,6555000.0,Norway,2017,Central goverment,Not available,6555000,NOR,1/1/2017,12/31/2017
NORWEGIAN CENTRAL BANK,95555000000.0,Norway,2017,Central goverment,937884117,95555000000,NOR,1/1/2017,12/31/2017
THE NORWEGIAN PETROLEUM DIRECTORATE,6121125000.0,Norway,2017,Central goverment,870917732,6121125000,NOR,1/1/2017,12/31/2017
THE NORWEGIAN TAX DIRECTORATE,65049094722.0,Norway,2017,Central goverment,974761505,65049094722,NOR,1/1/2017,12/31/2017
DIRECTORATE OF CUSTOMS AND EXCISE,402000.0,Norway,2018,Central goverment,974761343,402000,NOR,1/1/2018,12/31/2018
NORWEGIAN CENTRAL BANK,134650000000.0,Norway,2018,Central goverment,937884117,134650000000,NOR,1/1/2018,12/31/2018
THE NORWEGIAN PETROLEUM DIRECTORATE,6972465000.0,Norway,2018,Central goverment,870917732,6972465000,NOR,1/1/2018,12/31/2018
THE NORWEGIAN TAX DIRECTORATE,110313492000.0,Norway,2018,Central goverment,974761505,110313492000,NOR,1/1/2018,12/31/2018
EQUINOR,20057000000.0,Norway,2019,State-owned enterprises & public corporations,923609016,20057000000,NOR,1/1/2019,12/31/2019
NORWEGIAN CENTRAL BANK,0.0,Norway,2019,Central goverment,937884117,-,NOR,1/1/2019,12/31/2019
PETORO,96478000000.0,Norway,2019,Central goverment,937884117,96478000000,NOR,1/1/2019,12/31/2019
THE NORWEGIAN PETROLEUM DIRECTORATE,6875860000.0,Norway,2019,Central goverment,870917732,6875860000,NOR,1/1/2019,12/31/2019
THE NORWEGIAN TAX ADMINISTRATION,135217191350.0,Norway,2019,Central goverment,974761076,135217191350,NOR,1/1/2019,12/31/2019
BUREAU OF CUSTOMS (BOC),2322669697.0,Philippines,2018,Central goverment,Not available,2322669697,PHL,2018/01/01,2018/12/31
BUREAU OF INTERNAL REVENUE (BIR),26343601789.75,Philippines,2018,Central goverment,000-843-630-000,26343601789.75,PHL,2018/01/01,2018/12/31
BUREAU OF LOCAL GOVERNMENT AND FINANCE (BLGF),1046379176.06,Philippines,2018,Local government,200-065-084-000,1046379176.06,PHL,2018/01/01,2018/12/31
DEPARTMENT OF BUDGET AND MANAGEMENT (DBM),0.0,Philippines,2018,Central goverment,000-449-457-000,,PHL,2018/01/01,2018/12/31
DEPARTMENT OF ENERGY (DOE),29578003901.61,Philippines,2018,,,,,,
MINES AND GEOSCIENCES BUREAU (MGB),1187312323.37,Philippines,2018,,,,,,
NATIONAL COMMISSION ON INDIGENOUS PEOPLE (NCIP),58010632.42,Philippines,2018,,,,,,
PHILIPPINE PORTS AUTHORITY (PPA),278761471.04,Philippines,2018,,,,,,
DIRECTION DES RESSOURCES NATURELLES (DRN),0.0,Republic of the Congo,2017,Central government,,Voir partie 4,COG,2017/01/01,2017/12/31
DIRECTION GÉNÉRALE DES DOUANES ET DES DROITS INDIRECTS (DGDDI),17328093647.0,Republic of the Congo,2017,Central government,,Voir partie 4,COG,2017/01/01,2017/12/31
DIRECTION GÉNÉRALE DES HYDROCARBURES (DGH),2826653290.0,Republic of the Congo,2017,Central government,,Voir partie 4,COG,2017/01/01,2017/12/31
DIRECTION GÉNÉRALE DES IMPÔTS ET DES DOMAINES (DGID),58645237024.0,Republic of the Congo,2017,Central government,,Voir partie 4,COG,2017/01/01,2017/12/31
DIRECTION GÉNÉRALE DES MINES (DGM),0.0,Republic of the Congo,2017,Central government,,Voir partie 4,COG,2017/01/01,2017/12/31
DIRECTION GÉNÉRALE DU TRÉSOR (DGT),191661456686.0,Republic of the Congo,2017,Central government,,Voir partie 4,COG,2017/01/01,2017/12/31
MINISTÈRE DE L'ECONOMIE FORESTIÈRE ET DU DÉVELOPPEMENT DURABLES (MEFDD),582876639.0,Republic of the Congo,2017,Central government,,Voir partie 4,COG,2017/01/01,2017/12/31
SOCIÉTÉ NATIONALE DES PÉTROLES DU CONGO (SNPC),225182569.0,Republic of the Congo,2017,State-owned enterprises & public corporations,,Voir partie 4,COG,2017/01/01,2017/12/31
SOCOTRAM / DIRECTION DE LA MARINE MARCHANDE / CONSEIL CONGOLAIS DES CHARGEURS,0.0,Republic of the Congo,2017,Other,,Voir partie 4,COG,2017/01/01,2017/12/31
CAISSE DE SÉCURITÉ SOCIALE (CSS),696011898.0,Senegal,2018,Central government,Non applicable,696011898,SEN,2018/01/01,2018/12/31
DIRECTION DE L'ENVIRONNEMENT ET DES ETABLISSEMENTS CLASSÉS (DEEC),304264550.0,Senegal,2018,Central government,Non applicable,304264550,SEN,2018/01/01,2018/12/31
"DIRECTION DES EAUX, FORÊTS, CHASSES ET CONSERVATION DES SOLS (DEFCCS)",180397020.0,Senegal,2018,Central government,Non applicable,180397020,SEN,2018/01/01,2018/12/31
DIRECTION DES MINES ET DE LA GÉOLOGIE (DMG),19953712566.72,Senegal,2018,Central government,Non applicable,19953712566.72,SEN,2018/01/01,2018/12/31
DIRECTION GÉNÉRALE DE LA COMPTABILITÉ PUBLIQUE ET DU TRÉSOR (DGCPT),1669441664.0,Senegal,2018,Central government,Non applicable,1669441664,SEN,2018/01/01,2018/12/31
DIRECTION GÉNÉRALE DES DOUANES (DGD),14680174336.0,Senegal,2018,Central government,Non applicable,14680174336,SEN,2018/01/01,2018/12/31
DIRECTION GÉNÉRALE DES IMPÔTS ET DES DOMAINES (DGID),56410376198.0,Senegal,2018,Central government,Non applicable,76603522296,SEN,2018/01/01,2018/12/31
INSTITUTION DE PRÉVOYANCE RETRAITE DU SÉNÉGAL (IPRES),3987987836.0,Senegal,2018,Central government,Non applicable,3987987836,SEN,2018/01/01,2018/12/31
SOCIÉTÉ DES PÉTROLES DU SÉNÉGAL (PETROSEN),2348455633.0,Senegal,2018,State-owned enterprises & public corporations,0024498 2G3,2348455633,SEN,2018/01/01,2018/12/31
AUTRES,0.0,Senegal,2019,Autres,,,SEN,2019/01/01,2019/12/31
AUTRES BÉNÉFICIAIRES (PAIEMENTS ENVIRONNEMENTAUX),21422418.0,Senegal,2019,Autres,,21422418,SEN,2019/01/01,2019/12/31
AUTRES BÉNÉFICIAIRES (PAIEMENTS SOCIAUX),3512368896.22,Senegal,2019,Autres,,3512368896.22,SEN,2019/01/01,2019/12/31
CAISSE DE SÉCURITÉ SOCIALE (CSS),733101792.0,Senegal,2019,Central goverment,,733101792,SEN,2019/01/01,2019/12/31
DIRECTION DE L'ENVIRONNEMENT ET DES ETABLISSEMENTS CLASSÉS (DEEC),151299475.0,Senegal,2019,Central goverment,,151299475,SEN,2019/01/01,2019/12/31
"DIRECTION DES EAUX, FORÊTS, CHASSES ET CONSERVATION DES SOLS (DEFCCS)",270435402.0,Senegal,2019,Central goverment,,,SEN,2019/01/01,2019/12/31
DIRECTION DES MINES ET DE LA GÉOLOGIE (DMG),24228233398.0,Senegal,2019,Central goverment,,,SEN,2019/01/01,2019/12/31
DIRECTION GÉNÉRALE DE LA COMPTABILITÉ PUBLIQUE ET DU TRÉSOR (DGCPT),8748380996.0,Senegal,2019,Central goverment,,8748380996,SEN,2019/01/01,2019/12/31
DIRECTION GÉNÉRALE DES DOUANES (DGD),13151573737.0,Senegal,2019,Central goverment,,13151573737,SEN,2019/01/01,2019/12/31
DIRECTION GÉNÉRALE DES IMPÔTS ET DES DOMAINES (DGID),75239402568.0,Senegal,2019,Central goverment,,104584329594,SEN,2019/01/01,2019/12/31
INSTITUTION DE PRÉVOYANCE RETRAITE DU SÉNÉGAL (IPRES),3656358597.0,Senegal,2019,State government,,3656358597,SEN,2019/01/01,2019/12/31
SOCIÉTÉ DES PÉTROLES DU SÉNÉGAL (PETROSEN),1975924601.0,Senegal,2019,State-owned enterprises & public corporations,,1975924601,SEN,2019/01/01,2019/12/31
"MINISTRY OF FINANCE, TRADE AND THE BLUE ECONOMY (MFTBE)",0.0,Seychelles,2017,Central goverment,,,SYC,2017/01/01,2017/12/31
PETROSEYCHELLES,45346.52,Seychelles,2017,State-owned enterprises & public corporations,,45346.52,SYC,2017/01/01,2017/12/31
SEYCHELLES REVENUE COMMISSION (SRC),0.0,Seychelles,2017,Central goverment,,,SYC,2017/01/01,2017/12/31
"MINISTRY OF FINANCE, TRADE AND THE BLUE ECONOMY (MFTBE)",0.0,Seychelles,2018,Central goverment,,,SYC,2018/01/01,2018/12/31
PETROSEYCHELLES,32688.0,Seychelles,2018,State-owned enterprises & public corporations,,32688,SYC,2018/01/01,2018/12/31
SEYCHELLES REVENUE COMMISSION (SRC),0.0,Seychelles,2018,Central goverment,,,SYC,2018/01/01,2018/12/31
MINISTRY OF FINANCE,1803708000.0,Suriname,2017,Central goverment,Not applicable,1803708000,SUR,2017/01/01,2017/12/31
GEITA TOWN COUNCIL,3716057848.01,Tanzania,2018,Local government,,3716057848.01,TZA,2017/07/01,2018/06/30
KAHAMA TOWN COUNCIL,1379904933.28,Tanzania,2018,Local government,,1379904933.28,TZA,2017/07/01,2018/06/30
KINONDONI MUNICIPAL COUNCIL,47674874.0,Tanzania,2018,Local government,,47674874,TZA,2017/07/01,2018/06/30
KISHAPU DISTRICT COUNCIL,369685528.0,Tanzania,2018,Local government,,369685528,TZA,2017/07/01,2018/06/30
LOCAL GOVERMENT AUTHORITIES,0.0,Tanzania,2018,Local government,,,TZA,2017/07/01,2018/06/30
MBINGA DISTRICT COUNCIL,209668121.9,Tanzania,2018,Local government,,209668121.9,TZA,2017/07/01,2018/06/30
MINISTRY OF MINERALS,390714184971.94,Tanzania,2018,Central goverment,,390714184971.94,TZA,2017/07/01,2018/06/30
MSALALA DISTRICT COUNCIL,472528660.16,Tanzania,2018,Local government,,472528660.16,TZA,2017/07/01,2018/06/30
MTWARA DISTRICT COUNCIL,600082869.01,Tanzania,2018,Local government,,600082869.01,TZA,2017/07/01,2018/06/30
MWANZA CITY COUNCIL,33764641.0,Tanzania,2018,Local government,,33764641,TZA,2017/07/01,2018/06/30
OTHER GOVT. AGENCY,0.0,Tanzania,2018,,,,,,
SONGWE DISTRICT COUNCIL,809646827.82,Tanzania,2018,Local government,,809646827.82,TZA,2017/07/01,2018/06/30
TANZANIA PETROLEUM DEVELOPMENT CORPORATION (TPDC),121844967191.84,Tanzania,2018,State-owned enterprises & public corporations,,121844967191.84,TZA,2017/07/01,2018/06/30
TANZANIA REVENUE AUTHORITY,276636850522.79004,Tanzania,2018,Central goverment,,276636850522.79,TZA,2017/07/01,2018/06/30
TARIME DISTRICT COUNCIL,2730017536.34,Tanzania,2018,Local government,,2730017536.34,TZA,2017/07/01,2018/06/30
AGENCE NATIONALE DE GESTION DE L'ENVIRONNEMENT (ANGE),8591650.0,Togo,2017,Central goverment,Not applicable,8591650,TGO,2017/01/01,2017/12/31
CAISSE NATIONALE DE SÉCURITÉ SOCIALE (CNSS),1561220340.0,Togo,2017,,,,,,
COMMISSARIAT DES DOUANES ET DROITS INDIRECTS (CDDI),2856383159.0,Togo,2017,Central goverment,Not applicable,2856383159,TGO,2017/01/01,2017/12/31
COMMISSARIAT DES IMPÔTS (CI),7670564536.0,Togo,2017,,,,,,
DIRECTION GÉNÉRALE DES MINES ET DE LA GÉOLOGIE (DGMG),1959455741.0,Togo,2017,,,,,,
DIRECTION GÉNÉRALE DU TRAVAIL ET DE LOIS SOCIALES (DGTLS),189783.0,Togo,2017,,,,,,
DIRECTION GÉNÉRALE DU TRÉSOR ET DE LA COMPTABILITÉ PUBLIQUE (DGTCP),332700000.0,Togo,2017,,,,,,
LES DELEGATIONS SPECIALES DES COMMUNES ET PREFECTURES DE 15 LOCALITES MINIERES,0.0,Togo,2017,Local government,Not applicable,,TGO,2017/01/01,2017/12/31
SOCIETE TOGOLAISE DES EAUX (TDE),82600.0,Togo,2017,State-owned enterprises & public corporations,Not applicable,82600,TGO,2017/01/01,2017/12/31
AGENCE NATIONALE DE GESTION DE L'ENVIRONNEMENT (ANGE),0.0,Togo,2018,Central government,,,TGO,2018/01/01,2018/12/31
CAISSE NATIONALE DE SÉCURITÉ SOCIALE (CNSS),1604662476.0,Togo,2018,Central government,,1604662476,TGO,2018/01/01,2018/12/31
COMMISSARIAT DES DOUANES ET DROITS INDIRECTS (CDDI),344587283.0,Togo,2018,Central government,,344587283,TGO,2018/01/01,2018/12/31
COMMISSARIAT DES IMPÔTS (CI),7534406321.0,Togo,2018,Central government,,7534406321,TGO,2018/01/01,2018/12/31
COMMUNES ET PRÉFECTURES DES LOCALITÉS MINIÈRES,0.0,Togo,2018,Local government,,,TGO,2018/01/01,2018/12/31
DIRECTION GÉNÉRALE DES MINES ET DE LA GÉOLOGIE (DGMG),1775391849.0,Togo,2018,Central government,,1775391849,TGO,2018/01/01,2018/12/31
DIRECTION GÉNÉRALE DU TRAVAIL ET DE LOIS SOCIALES (DGTLS),3033774.0,Togo,2018,Central government,,3033774,TGO,2018/01/01,2018/12/31
DIRECTION GÉNÉRALE DU TRÉSOR ET DE LA COMPTABILITÉ PUBLIQUE (DGTCP),413500000.0,Togo,2018,Central government,,413500000,TGO,2018/01/01,2018/12/31
SOCIETE TOGOLAISE DES EAUX (TDE),0.0,Togo,2018,,,,,,
MINISTRY OF FINANCE - INLAND REVENUE DIVISION,1343692633.0,Trinidad and Tobago,2017,Central goverment,,1343692633,TTO,2016/10/01,2017/09/30
MINISTRY OF FINANCE INVESTMENT DECISION,1353194716.0,Trinidad and Tobago,2017,Central goverment,,1353194716,TTO,2016/10/01,2017/09/30
MINISTRY ON ENERGY AND ENERGY INDUSTRIES,3175044865.0,Trinidad and Tobago,2017,Central goverment,,3175044865,TTO,2016/10/01,2017/09/30
MINISTRY OF FINANCE - INLAND REVENUE DIVISION,2220231699.0,Trinidad and Tobago,2018,Central goverment,,2220231699,TTO,2017/10/01,2018/09/30
MINISTRY OF FINANCE INVESTMENT DECISION,664619327.0,Trinidad and Tobago,2018,Central goverment,,664619327,TTO,2017/10/01,2018/09/30
MINISTRY ON ENERGY AND ENERGY INDUSTRIES,4492864421.0,Trinidad and Tobago,2018,Central goverment,,4492864421,TTO,2017/10/01,2018/09/30
"MINISTRY FOR DEVELOPMENT OF ECONOMY, TRADE AND AGRICULTURE OF UKRAINE",13586494000.0,Ukraine,2017,State government,37508596,13586494000,UKR,2017/01/01,2017/12/31
STATE TAX SERVICE OF UKRAINE,123926420068.58,Ukraine,2017,State government,43005393,123926420068.58,UKR,2017/01/01,2017/12/31
THE STATE SERVICE OF GEOLOGY AND SUBSOIL OF UKRAINE (DERZHGEONADRA),1694533976.61,Ukraine,2017,State government,37536031,1694533976.61,UKR,2017/01/01,2017/12/31
"MINISTRY FOR DEVELOPMENT OF ECONOMY, TRADE AND AGRICULTURE OF UKRAINE",28946371200.21,Ukraine,2018,State government,37508596,28946371200.21,UKR,2018/01/01,2018/12/31
STATE CUSTOMS SERVICE OF UKRAINE,19430513651.89,Ukraine,2018,State government,43115923,19430513651.89,UKR,2018/01/01,2018/12/31
STATE TAX SERVICE OF UKRAINE,130695811138.27,Ukraine,2018,State government,43005393,130695811138.27,UKR,2018/01/01,2018/12/31
THE STATE SERVICE OF GEOLOGY AND SUBSOIL OF UKRAINE (DERZHGEONADRA),658153085.0,Ukraine,2018,State government,37536031,658153085,UKR,2018/01/01,2018/12/31
"MINISTRY FOR DEVELOPMENT OF ECONOMY, TRADE AND AGRICULTURE OF UKRAINE",8538059230.0,Ukraine,2019,State government,37508596,8538059230,UKR,2019/01/01,2019/12/31
STATE CUSTOMS SERVICE OF UKRAINE,15024647500.75,Ukraine,2019,State government,43115923,15024647500.75,UKR,2019/01/01,2019/12/31
STATE TAX SERVICE OF UKRAINE,131515641114.25,Ukraine,2019,State government,43005393,131515641114.25,UKR,2019/01/01,2019/12/31
THE STATE SERVICE OF GEOLOGY AND SUBSOIL OF UKRAINE (DERZHGEONADRA),629217838.52,Ukraine,2019,State government,37536031,629217838.52,UKR,2019/01/01,2019/12/31
"MINISTRY FOR DEVELOPMENT OF ECONOMY, TRADE AND AGRICULTURE OF UKRAINE",0.0,Ukraine,2020,State government,37508596,,UKR,2020/01/01,2020/12/31
STATE CUSTOMS SERVICE OF UKRAINE,5505302398.54,Ukraine,2020,State government,43115923,5505302398.54,UKR,2020/01/01,2020/12/31
STATE TAX SERVICE OF UKRAINE,170189170087.08,Ukraine,2020,State government,43005393,170189170087.08,UKR,2020/01/01,2020/12/31
THE STATE SERVICE OF GEOLOGY AND SUBSOIL OF UKRAINE (DERZHGEONADRA),765538550.97,Ukraine,2020,State government,37536031,765538550.97,UKR,2020/01/01,2020/12/31
CROWN ESTATE SCOTLAND (CES),2113153.15,United Kingdom,2018,State government,Not applicable,2113153.15,GBR,2018/01/01,2018/12/31
HER MAJESTY’S REVENUE AND CUSTOMS (HMRC),1134023476.62,United Kingdom,2018,Central goverment,Not applicable,1134023476.62,GBR,2018/01/01,2018/12/31
OIL & GAS AUTHORITY (OGA),88902775.62,United Kingdom,2018,Other,9666504,88902775.62,GBR,2018/01/01,2018/12/31
THE CROWN ESTATE (TCE),25174626.77,United Kingdom,2018,State government,Not applicable,25174626.77,GBR,2018/01/01,2018/12/31
CROWN ESTATE SCOTLAND (CES),1828666.0,United Kingdom,2019,State government,Not applicable,1828666,GBR,2019/01/01,2019/12/31
HER MAJESTY’S REVENUE AND CUSTOMS (HMRC),1396295275.05,United Kingdom,2019,Central goverment,Not applicable,1396295275.05,GBR,2019/01/01,2019/12/31
OIL & GAS AUTHORITY (OGA),90992842.02000001,United Kingdom,2019,Other,9666504,90992842.02,GBR,2019/01/01,2019/12/31
THE CROWN ESTATE (TCE),24576371.590000004,United Kingdom,2019,State government,Not applicable,24576371.59,GBR,2019/01/01,2019/12/31
CROWN ESTATE SCOTLAND (CES),1662345.0,United Kingdom,2020,State government,Not applicable,1662345,GBR,2020/01/01,2020/12/31
HER MAJESTY’S REVENUE AND CUSTOMS (HMRC),154698366.84000003,United Kingdom,2020,Central goverment,Not applicable,154698366.84,GBR,2020/01/01,2020/12/31
OIL & GAS AUTHORITY (OGA),85022495.49000001,United Kingdom,2020,Other,9666504,85022495.49,GBR,2020/01/01,2020/12/31
THE CROWN ESTATE (TCE),24929599.75,United Kingdom,2020,State government,Not applicable,24929599.75,GBR,2020/01/01,2020/12/31
ENVIRONMENTAL PROTECTION FUND,2276581.33,Zambia,2017,Other,,2276581.33,ZMB,2017/01/01,2017/12/31
LOCAL COUNCILS,100511364.80000001,Zambia,2017,Local government,,100511364.8,ZMB,2017/01/01,2017/12/31
MINISTRY OF LANDS,497380.71,Zambia,2017,Central goverment,,497380.71,ZMB,2017/01/01,2017/12/31
MINISTRY OF MINES AND MINERALS DEVELOPMENT,6373230.58,Zambia,2017,Central goverment,,6373230.58,ZMB,2017/01/01,2017/12/31
ZAMBIA CONSOLIDATED COPPER MINES – INVESTMENT HOLDINGS PLC (ZCCM- IH),696174450.1899999,Zambia,2017,State-owned enterprises & public corporations,,696174450.19,ZMB,2017/01/01,2017/12/31
ZAMBIAN REVENUE AUTHORITY (ZRA),9832994569.369999,Zambia,2017,Central goverment,,9832994569.37,ZMB,2017/01/01,2017/12/31
ENVIRONMENTAL PROTECTION FUND,23330601.78,Zambia,2018,Other,,23330601.78,ZMB,2018/01/01,2018/12/31
INDUSTRIAL DEVELOPMENT CORPORATION (IDC),69205641.67,Zambia,2018,,,,,,
LOCAL COUNCILS,225046694.88,Zambia,2018,Local government,,225046694.88,ZMB,2018/01/01,2018/12/31
MINISTRY OF FINANCE (MOF),23178861.72,Zambia,2018,,,,,,
MINISTRY OF LANDS,1756688.47,Zambia,2018,Central goverment,,1756688.47,ZMB,2018/01/01,2018/12/31
MINISTRY OF MINES AND MINERALS DEVELOPMENT,48229839.93,Zambia,2018,Central goverment,,48229839.93,ZMB,2018/01/01,2018/12/31
ZAMBIA CONSOLIDATED COPPER MINES – INVESTMENT HOLDINGS PLC (ZCCM- IH),758327248.44,Zambia,2018,,,,,,
ZAMBIAN REVENUE AUTHORITY (ZRA),13273065885.75,Zambia,2018,Central goverment,,13273065885.75,ZMB,2018/01/01,2018/12/31
ENVIRONMENTAL PROTECTION FUND,1235122.59,Zambia,2019,Other,,1235122.59,ZMB,2019/01/01,2019/12/31
INDUSTRIAL DEVELOPMENT CORPORATION (IDC),0.0,Zambia,2019,Other,,,ZMB,2019/01/01,2019/12/31
LOCAL COUNCILS,141599450.2,Zambia,2019,Local government,,141599450.2,ZMB,2019/01/01,2019/12/31
MINISTRY OF FINANCE (MOF),16832268.63,Zambia,2019,Central goverment,,16832268.63,ZMB,2019/01/01,2019/12/31
MINISTRY OF LANDS,982789.47,Zambia,2019,Central goverment,,982789.47,ZMB,2019/01/01,2019/12/31
MINISTRY OF MINES AND MINERALS DEVELOPMENT,41282998.4,Zambia,2019,Central goverment,,41282998.4,ZMB,2019/01/01,2019/12/31
MINISTRY OF MINES AND MINERALS DEVELOPMENT - PETROLEUM UNIT,3051347.36,Zambia,2019,Central goverment,,3051347.36,ZMB,2019/01/01,2019/12/31
ZAMBIA CONSOLIDATED COPPER MINES – INVESTMENT HOLDINGS PLC (ZCCM- IH),0.0,Zambia,2019,,,,,,
ZAMBIAN REVENUE AUTHORITY (ZRA),13862632466.66,Zambia,2019,Central goverment,,13862632466.66,ZMB,2019/01/01,2019/12/31
