Full company name,Payments to Governments Report,Country,Year,From
AMIN KARIMZAI CAMPANY,365746,Afghanistan,2018,Part 5
HABIB SHAHAB TALC AND MARBLE EXPLOITATION AND PROCESS COMPANY,427491,Afghanistan,2018,Part 5
ABAS GHAZNAVI LIMITED,36244514,Afghanistan,2018,Part 5
ABED HASAN ZADRAN LIMITED,,Afghanistan,2018,Part 5
AFGHAN SHININK MINES EXTRACTION AND PROCESSING,,Afghanistan,2018,Part 5
AFGHAN TALC LIMITED,366791,Afghanistan,2018,Part 5
AMANIA MINING COMPANY,10612599,Afghanistan,2018,Part 5
DAWA JAN TAREEN LIMITED,32576054,Afghanistan,2018,Part 5
HABIB SHAHAB TALC AND MARBLE EXTRACTION AND PROCESSING COMPANY,6624456,Afghanistan,2018,Part 5
PAYAM RAH FARDA LIMITED,1839111,Afghanistan,2018,Part 5
RAHIMI NEKKA BROTHERS LIMITED,890045,Afghanistan,2018,Part 5
SAYED HASHIM MOSAVI,8156508,Afghanistan,2018,Part 5
SHAHAB MAHBOOB TALC AND MARBLE EXTRACTION AND PROCESSING COMPANY,64325,Afghanistan,2018,Part 5
استخراج معدن افغان گولد ومینرال AFGHAN GOLD MINERAL,68760,Afghanistan,2018,Part 5
استخراج معدن امتیاز EMTYAZ MINING CO,6000,Afghanistan,2018,Part 5
اغا احمدی منرالز استخراج اوپروسس AGHA AHMADI MINERALS PRO.CO,200,Afghanistan,2018,Part 5
افغا ن کرستال نچرل ریسورسز AFGHAN CRISTAL NATURAL RESOUCE,49160,Afghanistan,2018,Part 5
بلال موسی زی دمعدنی ډبرو استخراج او پروسس شرکت BILAL MOSAZAI MINING CO,367503,Afghanistan,2018,Part 5
حبیب شهاب تا لک اومر مرواستخراج او پروسس شر کت HABIB SHAHAB TALC PRO.CO,25459,Afghanistan,2018,Part 5
د امین کریمزی د شوکانو او مرمرو داستخراج اوپروسس شرکت AMIN KARIMZAI TALK PRO.CO,76451,Afghanistan,2018,Part 5
ستندر شو کا ڼی دپرو سس او استخراج شر کت STANDARD TALC PRO.CO,21539,Afghanistan,2018,Part 5
سنترال آیزین مایننگ سرویسس کمپنی CENTRAL AZEEN MINING PRO.CO,88795,Afghanistan,2018,Part 5
شرکت استخراج معادن کابل KABUL MINING CO,15,Afghanistan,2018,Part 5
شرکت استخراج معادن هیواد برادرزHEWAD BROTHERS MINING CO,2027271,Afghanistan,2018,Part 5
شرکت استخراج معدن افغان تراورتین AFGHAN TRAWARTIN MINING CO,5,Afghanistan,2018,Part 5
شرکت استخراج معدن پارمیس گلوبل PARMIS GLOGAL MINING CO,825,Afghanistan,2018,Part 5
شرکت استخراج وپروسس سنگ عرفان غزنوی لمتید URFAN GHAZNAWI STONE PRO.LTD,800,Afghanistan,2018,Part 5
شرکت افغان کول ال ال سی AFGHAN CAOL LLC,352416,Afghanistan,2018,Part 5
شرکت امانیه مایننگ AMANYA MINING CO,106574,Afghanistan,2018,Part 5
شرکت خدمات انجنیری جیو و معادن افغانایت AFGHAN KNIGHT GEO MINING CO,4586052,Afghanistan,2018,Part 5
شرکت سرمایه گذاری معادن MINING INVESTMENT CO,481908,Afghanistan,2018,Part 5
نبی افغان دمعدن استخراج او پروسس شر کت NABI AFGHAN MINING CO,170,Afghanistan,2018,Part 5
ALI MURADI AND IMRAN BAKHTYARI LIMITED,167548,Afghanistan,2019,Part 5
AMANIA MINING COMPANY,17858825,Afghanistan,2019,Part 5
AMEEN KARIMZAI TALC AND MARBLE EXTRACTION AND PROCESSING COMPANY,8882827,Afghanistan,2019,Part 5
BILAL MUSAZAI MINERAL PROCESSING INDUSTRIAL COMPANY,29084756,Afghanistan,2019,Part 5
HABIB SHAHAB TALC AND MARBLE EXTRACTION AND PROCESSING COMPANY,21212685,Afghanistan,2019,Part 5
KAMRAN BILAL TALC MINES PROCESSING AND EXTRACTION COMPANY,33129,Afghanistan,2019,Part 5
NABI AFGHAN MINES EXTRACTION AND PROCESSING COMPANY,8732578,Afghanistan,2019,Part 5
SILK ROAD MINING,156539,Afghanistan,2019,Part 5
STANDARD TALC PROCESSING AND EXTRACTION COMPANY,4727569,Afghanistan,2019,Part 5
TARAAJ MINERALS EXTRACTION AND PROCESSING COMPANY,10329,Afghanistan,2019,Part 5
اغا احمدی منرالز استخراج اوپروسس AGHA AHMADI MINERAL PRO.CO,24709,Afghanistan,2019,Part 5
بلال موسی زی دمعدنی ډبرو استخراج او پروسس شرکت BILAL MOSAZAI MINING CO,188280,Afghanistan,2019,Part 5
تصدی کود برق بلخ KOD-E-BARQ,31889270,Afghanistan,2019,Part 5
حبیب شهاب تا لک اومر مرواستخراج او پروسس شر کت HABIB SHAHAB TALC PRO.CO,49129,Afghanistan,2019,Part 5
د امین کریمزی د شوکانو او مرمرو داستخراج اوپروسس شرکت AMIN KARIMZAI TALK PROCESSING COMPANY,934159,Afghanistan,2019,Part 5
ستندر شو کا ڼی دپرو سس او استخراج شر کت STANDARD TALC PRO.CO,40489,Afghanistan,2019,Part 5
سلک رود مایننگ SILK ROAD MINING,134550,Afghanistan,2019,Part 5
سین جیانگ جنگ تونگ افغانستان تکنالوژی سرویس کو ال تی دی SEIN JHONG JHENG TONG,20920,Afghanistan,2019,Part 5
شرکت استخراج سنگ افغان مروارید لمتید AFGHAN MORWARID LTD,726167,Afghanistan,2019,Part 5
شرکت استخراج معادن افغان اکتیف لمیتد AFGHAN ACTIVE MININIG LTD,-,Afghanistan,2019,Part 5
شرکت استخراج معادن افغان ایکوAFGHAN ECHO MINING CO,1300,Afghanistan,2019,Part 5
شرکت استخراج معادن بهارکوهساران BAHAR-E-KOHISTAN MINING CO,113050,Afghanistan,2019,Part 5
شرکت استخراج معادن لیگان LEGAN MINING CO,50,Afghanistan,2019,Part 5
شرکت استخراج معادن ممتاز کوثر لمتید MOMTAZ KAWSAR LTD,-,Afghanistan,2019,Part 5
شرکت استخراج معدن ایگل راک EGAL ROCK MINING CO,23691,Afghanistan,2019,Part 5
شرکت استخراج معدن پارمیس گلوبل PARMIS GLOBLE MINING CO,27744,Afghanistan,2019,Part 5
شرکت استخراج معدن سرویس سنتر سترای ال ال سی ALLC,11900,Afghanistan,2019,Part 5
شرکت استخراج وپروسس سنگ عرفان غزنوی لمتید URFAN GHAZNAWI LTD,8070,Afghanistan,2019,Part 5
شرکت امانیه مایننگ AMANIA MINING CO,25970,Afghanistan,2019,Part 5
شرکت تولید سنګ مرمر شمشاد رحمن SHAMSHAD RAHMAN TALC PRO.CO,312117,Afghanistan,2019,Part 5
شرکت ذوب آهن کتلیست KATALEST IRON CO,37961,Afghanistan,2019,Part 5
شرکت صنعتی کرومایت برادران BROTHERS CROMITE LTD,1650,Afghanistan,2019,Part 5
شهاب محبوب تالک اومرمرو استخراج اوپروسس شرکت SHAHAB MAHBOOB TALC PRO.CO,9551,Afghanistan,2019,Part 5
نبی افغان دمعدن استخراج او پروسس شر کت NABI AFGHAN MINING CO,51280,Afghanistan,2019,Part 5
SOCIÉTÉ NATIONALE D'OPÉRATIONS PETROLIÈRE DE COTE D'IVOIRE (PETROCI),73584503514,Cote d'Ivoire,2017,Part 5
SOCIETE DES MINES D'ITY (S M I),7069017463,Cote d'Ivoire,2017,Part 5
PERSEUS MINING CI,847626755,Cote d'Ivoire,2017,Part 5
LGL RESOURCE CI,16885933,Cote d'Ivoire,2017,Part 5
SOCIÉTÉ POUR LE DEVÉLOPPEMENT MINIER DE LA COTE D'IVOIRE (SODEMI),104175253,Cote d'Ivoire,2017,Part 5
ENI IVORY COAST LTD,333148252,Cote d'Ivoire,2018,Part 5
SOCIETE DES MINES DE TONGON,36445956272,Cote d'Ivoire,2018,Part 5
SOCIETE DES MINES D'ITY,6337466154,Cote d'Ivoire,2018,Part 5
COMPAGNIE MINIERE DU LITTORAL,605133865,Cote d'Ivoire,2018,Part 5
BONDOUKOU MANGANESE SA,525434534,Cote d'Ivoire,2018,Part 5
CNMC CONGO COMPAGNIE MINIERE SARL(CNMC SARL),2797258.14,Democratic Republic of Congo,2017,Part 5
"TENGYUAN COBALT & COPPER RESOURCES LTD., CO.( TCC. SAR)",5815411.78,Democratic Republic of Congo,2017,Part 5
"BENGUETCORP NICKEL MINES, INC.",24569767.68,Philippines,2018,Part 5
ENI CONGO,89061143726,Republic of the Congo,2017,Part 5
SOCIÉTÉ DES PÉTROLES DU SÉNÉGAL (PETROSEN.SA),371034720,Senegal,2018,Part 5
LA SOCIÉTÉ DES MINES DE FER DU SÉNÉGAL ORIENTAL,-,Senegal,2018,Part 5
SABODALA GOLD OPERATIONS - SGO,16241489837.72,Senegal,2018,Part 5
CIMENTS DU SAHEL - CDS,18559251105,Senegal,2018,Part 5
GRANDE CÔTE OPÉRATIONS - GCO,8007005014,Senegal,2018,Part 5
SOCIÉTÉ SÉNÉGALAISE DES PHOSPHATES DE THIÈS - SSPT,349326759,Senegal,2018,Part 5
INDUSTRIES CHIMIQUES DU SÉNÉGAL - ICS,483608338,Senegal,2018,Part 5
SOCIÉTÉ MINIÈRE DE LA VALLÉE DU FLEUVE SÉNÉGAL – SOMIVA,507328796,Senegal,2018,Part 5
PETOWAL MINING COMPANY S.A.,3741277120,Senegal,2018,Part 5
SABODALA MINING COMPANY,89490250,Senegal,2018,Part 5
SEPHOS SENEGAL SA,118862346,Senegal,2018,Part 5
COMPAGNIE GÉNÉRALE D'EXPLOITATION DE CARRIÈRE - COGECA,4644238825,Senegal,2018,Part 5
"SOCIÉTÉ POUR LE DÉVELOPPEMENT DE L'INDUSTRIE, DU TOURISME ET DE L'HABITAT AU SÉNÉGAL - SODEVIT",1391236150,Senegal,2018,Part 5
ORANTO PETROLEUM (ORANTO),235851585,Senegal,2019,Part 5
TOTAL E&P SENEGAL (TOTAL E&P),9556300615,Senegal,2019,Part 5
BP SENEGAL INVESTMENTS LIMITED (BP SENEGAL),3525893891,Senegal,2019,Part 5
DANGOTE INDUSTRIES SÉNÉGAL SA (DANGOTE),14783203786,Senegal,2019,Part 5
AGEM SÉNÉGAL EXPLORATION SUARL (AGEM),432748292,Senegal,2019,Part 5
"REPSOL EXPLORACIÓN MÉXICO, S.A. DE C.V.",2407200.71,Mexico,2017,Part 5
"REPSOL EXPLORACIÓN MÉXICO, S.A. DE C.V.",110210143.12,Mexico,2018,Part 5
REPSOL EXPLORACIÓN MÉXICO,181501159,Mexico,2018,Part 5
DONG SHENG PETROLEUM MONGOLIA LLC,12654203000,Mongolia,2018,Part 5
COMMONMAKS LLC,300943000,Mongolia,2018,Part 5
METALL OPT LLC,2275337000,Mongolia,2018,Part 5
MONGOLBASALT JSC,705000,Mongolia,2018,Part 5
MONGOLJUYANLI LLC,1547935000,Mongolia,2018,Part 5
REDVULCAN COLTD LLC,136582000,Mongolia,2018,Part 5
C.O.A.L LLC,27315410000,Mongolia,2018,Part 5
SPECIALMINES/NARAN MANDAL ENTERPRISES SC,983997000,Mongolia,2018,Part 5
TAVAN TOLGOI JSC,177143513000,Mongolia,2018,Part 5
CHINGISIIN KHAR ALT LLC,706253000,Mongolia,2018,Part 5
SHAN LUN LLC,401439000,Mongolia,2018,Part 5
SHARYN GOL JSC,6061724000,Mongolia,2018,Part 5
ERDENE MONGOL LLC,347763000,Mongolia,2018,Part 5
MONGOLYN ALT MAK LLC,184449980000,Mongolia,2018,Part 5
ERDENES TAVAN TOLGOI JSC,416328509000,Mongolia,2018,Part 5
VOYAGER MINERAL RESOURCES,637726561.02,Mongolia,2019,Part 5
UGUUJBAYN KHANGAI LLC,379327001.9,Mongolia,2019,Part 5
JAVHLANT ORD LLC,4099576814.77,Mongolia,2019,Part 5
ILTGOLD LLC,1242236506.45,Mongolia,2019,Part 5
MONGOLZCECHMETALL LLC,688424904.99,Mongolia,2019,Part 5
PETROCHINA DAQING TAMTSAG LLC,281681512337.34,Mongolia,2019,Part 5
REDVULCAN CO.LTD,329134077.03,Mongolia,2019,Part 5
CENTERTA GOLD MONGOLIA LLC,423015496.29,Mongolia,2019,Part 5
TODUNDRAGA LLC,3590283630.74,Mongolia,2019,Part 5
UULSZAAMAR LLC,7275938620.77,Mongolia,2019,Part 5
TSAIRTMINERAL LLC,70211790920.01,Mongolia,2019,Part 5
ERDENE MONGOL LLC,388381943.28,Mongolia,2019,Part 5
ERDENES TAVAN TOLGOI JSC,710293415814.05,Mongolia,2019,Part 5
ERDENET MINING CORPORATION,949589598818.01,Mongolia,2019,Part 5
BAYAN AIRAG EXPLORATION,3808699.29,Mongolia,2020,Part 5
BAYANGOL ECO ZAAMAR,275889.16,Mongolia,2020,Part 5
BURDEL MINING,8409365.92,Mongolia,2020,Part 5
VOYAGER MINERAL RESOURCES,476513.64,Mongolia,2020,Part 5
UGUUJ BAYANKHANGAI,135462.2,Mongolia,2020,Part 5
GOLDEN HAMMER,376183.79,Mongolia,2020,Part 5
DRAPER CAPITAL MONGOLIA,107707.87,Mongolia,2020,Part 5
ILT GOLD,220949.48,Mongolia,2020,Part 5
IKH UNDRAGA MINING,113682.9,Mongolia,2020,Part 5
MONGOLROSTZVETMET (SOE),16699509.72,Mongolia,2020,Part 5
MONPOLIMET,918934.04,Mongolia,2020,Part 5
PLATINUMLAND,520355.85,Mongolia,2020,Part 5
RED VULCAN,248494.86,Mongolia,2020,Part 5
SOUTHGOBI SANDS,16041030.99,Mongolia,2020,Part 5
CENTERRA GOLD MONGOLIA,148750.78,Mongolia,2020,Part 5
SONOR TRADE,323017.76,Mongolia,2020,Part 5
SPECIAL MINTS/NARAN MANDAL ENTERPRISES,1480984.59,Mongolia,2020,Part 5
TOD UNDRAGA,779590.95,Mongolia,2020,Part 5
TERGUUN MINING,338516.71,Mongolia,2020,Part 5
UULS-NOYON,101576.23,Mongolia,2020,Part 5
KHANGAD EXPLORATION,5078938.44,Mongolia,2020,Part 5
KHUREN TOLGOI COAL MINING,15572503.29,Mongolia,2020,Part 5
KHUKH BURDNII EKH,139661.86,Mongolia,2020,Part 5
ENERGY RESOURCES,63956346.63,Mongolia,2020,Part 5
ERDENE MONGOL,259969.28,Mongolia,2020,Part 5
ERDENES TAVAN TOLGOI,164547794,Mongolia,2020,Part 5
ERDENES TSAGAAN SUVARGA,437702.13,Mongolia,2020,Part 5
UNIVERSAL COPPER,113413.32,Mongolia,2020,Part 5
VOLTIC TOGO,118065688,Togo,2017,Part 5
TOGO CARRIERE,227674594,Togo,2017,Part 5
TOGOLAISE DES GRANDS CAOUS (TGC SA),110397818,Togo,2017,Part 5
ADDAX PETROLEUM DEVELOPMENT NIGERIA LIMITED(APDNL),73783297.42,Nigeria,2017,Part 5
ASHPHALT UNITY CONST. LTD,329455.66,Nigeria,2017,Part 5
BRASOIL OIL SERVICES COMPANY NIGERIA LIMITED (BRASOIL),4233755.53,Nigeria,2017,Part 5
BUA INTERNATIONAL LTD,265732.52,Nigeria,2017,Part 5
C.G.C NIGERIA LTD,4788304.24,Nigeria,2017,Part 5
CNC MINING COMPANY LTD,91599.7,Nigeria,2017,Part 5
CONTINENTAL OIL AND GAS LIMITED,22279874,Nigeria,2017,Part 5
CRUSHED ROCK INDUSTRIES (NIG) LTD,45454.2,Nigeria,2017,Part 5
DANTATA & SAWOA NIG. LTD.,268893.75,Nigeria,2017,Part 5
E.B.H GRANITE LTD,21461.88,Nigeria,2017,Part 5
INORGANIC EARTH RESOURCE,29644.91,Nigeria,2017,Part 5
LAKE PETROLEUM LTD,19122.33,Nigeria,2017,Part 5
MERCURY MINING & INVEST. LTD.,42210.77,Nigeria,2017,Part 5
MOTHER CAT LIMITED,429304.14,Nigeria,2017,Part 5
NIGERIA NATIONAL PETROLEUM CORPORATION,10188981458.27,Nigeria,2017,Part 5
OANDO QUA IBO LIMITED,,Nigeria,2017,Part 5
OFL MARBLE & GRANITE LTD,27331.25,Nigeria,2017,Part 5
PIONEER SINOCHINO INV. VENTURES,19194.89,Nigeria,2017,Part 5
RATCON CONSTRUCTION CO. LTD,13867126.73,Nigeria,2017,Part 5
SETRACO NIG. LIMITED,1270056.19,Nigeria,2017,Part 5
TRIACTA NIG.,296184.42,Nigeria,2017,Part 5
VENUS MINING,33295.71,Nigeria,2017,Part 5
WODA MOUNTAIN INVESTMENT LTD.,76919.16,Nigeria,2017,Part 5
Z&Y INVESTMENT COMPANY,36705.43,Nigeria,2017,Part 5
ZHONG XING MINING INVESTMENT LTD,38591.26,Nigeria,2017,Part 5
CCECC NIGERIA LTD.,8251321.34,Nigeria,2018,Part 5
CONROK NIG. LTD,21473.34,Nigeria,2018,Part 5
DANGOTE CEMENT PLC,102833316.6,Nigeria,2018,Part 5
LEVANT CONSTRUCTION LIMITED.,491092.38,Nigeria,2018,Part 5
REYNOLDS CONSTRUCTION COMPANY (NIG.) LTD.,11285278.86,Nigeria,2018,Part 5
SINO MINMETALS COMPANY LTD,56217.34,Nigeria,2018,Part 5
TONGYI ALLIED MINING LTD,11218.33,Nigeria,2018,Part 5
WEST AFIRCAN MINING CO LTD,28420.13,Nigeria,2018,Part 5
Z & Y INVESTMENT COMPANY LIMITED,47719.64,Nigeria,2018,Part 5
ZHONG TAI MINING (NIG.) LTD,31870.27,Nigeria,2018,Part 5
ADDAX PETROLEUM EXPLORATION NIGERIA LIMITED,51094917.97,Nigeria,2018,Part 5
AITEO EASTERN E&P CO. LIMITED,110115387.69,Nigeria,2018,Part 5
BRITTANIA U-NIGERIA,1600037.29,Nigeria,2018,Part 5
CHEVRON NIGERIA LIMITED,929386281.24,Nigeria,2018,Part 5
CONOIL PRODUCING LTD,10187767,Nigeria,2018,Part 5
EXCEL EXPLORATION & PRODUCTION LIMITED,614343.14,Nigeria,2018,Part 5
FIRST HYDROCARBON NIGERIA,292827.94,Nigeria,2018,Part 5
GREEN ENERGY INTERNATIONAL LIMITED,3222933.19,Nigeria,2018,Part 5
MOBIL PRODUCING NIGERIA UNLIMITED,2370948463.89,Nigeria,2018,Part 5
NEWCROSS LIMITED,2123217.07,Nigeria,2018,Part 5
NIGER DELTA PETROLEUM RESOURCES LIMITED,70165314.95,Nigeria,2018,Part 5
NIGERIA AGIP OIL CO LIMITED (NAOC),500256611.19,Nigeria,2018,Part 5
NIGERIA PETROLEUM DEVELOPMENT COMPANY LIMITED,1153671825.55,Nigeria,2018,Part 5
SOUTH ATLANTIC PETROLEUM LIMITED,34919805.88,Nigeria,2018,Part 5
STERLING OIL E&P PRODUCTION CO LIMITED,197880901.14,Nigeria,2018,Part 5
TOTAL EXPLORATION & PRODUCTION NIGERIA LIMITED,1366227452.33,Nigeria,2018,Part 5
TOTAL UPSTREAM NIG LIMITED,293588302.28,Nigeria,2018,Part 5
UNIVERSAL ENERGY LIMITED,2592412.42,Nigeria,2018,Part 5
WALTERSMITH PETROMAN,8981888.39,Nigeria,2018,Part 5
AKER BP AS,444683310,Norway,2017,Part 5
OKEA AS,-3756094,Norway,2017,Part 5
AKER BP AS,-13071849000,Norway,2018,Part 5
OKEA AS,-11390000,Norway,2018,Part 5
OTHER COMPANIER - NON-RIGHT HOLDERS,667520000,Norway,2019,Part 5
SOCIETE LABRADOR MADAGASCAR SARL,685751130.81,Madagascar,2017,Part 5
INTERNATIONAL CONSULTANT CAPITAL ICC,3561366,Liberia,2018,Part 5
LIBERIAN AGRICULTURAL COMPANY (L.A.C.),1934775,Liberia,2018,Part 5
ALPHA LOGGING & WOOD PROCESSING INC.,1206754,Liberia,2018,Part 5
SIME DARBY PLANTATION,1483983,Liberia,2018,Part 5
FOREST VENTURE INC. (FVI),387150,Liberia,2018,Part 5
"SING AFRICA PLANTATIONS LIBERIA,INC",1044781,Liberia,2018,Part 5
CHEVRON LIBERIA,676224,Liberia,2018,Part 5
LIBERIAN AGRICULTURAL COMPANY,762409.72,Liberia,2019,Part 5
MARYLAND OIL PALM PLANTATION,273117.94,Liberia,2019,Part 5
"BEA MOUNTAIN MINING, INC.",4167754.31,Liberia,2019,Part 5
MANDRA FORESTRY,1492147.57,Liberia,2019,Part 5
"SING AFRICA PLANTATIONS LIBERIA, INC",518536.62,Liberia,2019,Part 5
FOREST VENTURE.,450715.5,Liberia,2019,Part 5
AL WAHA PETROLEUM CO. LTD,1126326657,Iraq,2017,Part 5
CHINA INTERNATIONAL (UNIPEC ASIA CO. LTD),6755379057,Iraq,2017,Part 5
CHINA NATIONL UNITED OIL CORPORATION (CHINA OIL),1403238844,Iraq,2017,Part 5
DRAGON OIL LIMITED (BLOCK 9),26775899,Iraq,2017,Part 5
EXXONMOBIL IRAQ LTD,341192470,Iraq,2017,Part 5
GASPROM NEFT BADRA B.V.,292735839,Iraq,2017,Part 5
HINDUSTAN PETROLEUM CORPORATION LTD. – INDIA,1411603318,Iraq,2017,Part 5
HPCL - MITTAL ENERGY LIMITED,752070451,Iraq,2017,Part 5
INDIAN OIL CORPORATION,5610819037,Iraq,2017,Part 5
IPLOM INTERNATIONAL S.A.,239805232,Iraq,2017,Part 5
MOL HUNGARIAN OIL & GAS PLC,103537650,Iraq,2017,Part 5
MOTOR OIL HELLAS CORINTH REFINERIES S.A,1099207789,Iraq,2017,Part 5
PBF HOLDING COMPANY,549484931,Iraq,2017,Part 5
VALERO MARKETING & SUPPLY CO.,1171555933,Iraq,2017,Part 5
"CEPSA TRADING , S.A.U",673273675,Iraq,2018,Part 5
CHINA OFFSHORE OIL (SINGAPORE) INTERNATIONAL PTE. LTD.,759852463,Iraq,2018,Part 5
EXXON MOBIL CORPORATION,1646682719,Iraq,2018,Part 5
KAZMUNAYGAS TRADING AG,67568169,Iraq,2018,Part 5
MOTOR OIL (HELLAS) CORINTH REFINERIES S.A,1560523767,Iraq,2018,Part 5
PETRONAS CARIGALI IRAQ HOLDING B.V,529731676,Iraq,2018,Part 5
AL WAHA PETROLEUM CO. LTD.,628712909,Iraq,2018,Part 5
EXXON MOBIL IRAQ LIMITED,329604903,Iraq,2018,Part 5
GAZPROM NEFT BADRA B.V.,411431751,Iraq,2018,Part 5
KUWAIT ENERGY,80330888,Iraq,2018,Part 5
THE EGYPTIAN GENERAL PETROLEUM,15087380,Iraq,2018,Part 5
EGYPTIAN GENERAL PETROLEUM CORPORATION,,Iraq,2018,Part 5
UKRGAZVYDOBUVANNIA JSC,50211117998.63,Ukraine,2017,Part 5
NAFTOGAZVYDOBUVANNIA PRJSC,4650457047.95,Ukraine,2017,Part 5
SYSTEMOILENGINEERING LLC,185202352.47,Ukraine,2017,Part 5
PROM-ENERGOPRODUCT LLC,118381856.08,Ukraine,2017,Part 5
KRIVOJ ROG`S IRON-ORE COMBINE PJSC,1045068355.06,Ukraine,2017,Part 5
THE FOREIGN INVESTMENT ENTERPRISE ZAPORIZHZHIA IRON ORE INDUSTRIAL COMPLEX PRJSC,497684580.68,Ukraine,2017,Part 5
LYSYCHANSKVUHILLIA PJSC,72384273.67,Ukraine,2017,Part 5
UKRGASVYDOBUVANNYA JSC,41118410085.78,Ukraine,2018,Part 5
ENERGY SERVICE COMPANY ESCO-PIVNICH LLC,2406519019.58,Ukraine,2018,Part 5
KUB-GAZ LLC,685091562.27,Ukraine,2018,Part 5
STRYINAFTOGAZ LLC,229191792.1,Ukraine,2018,Part 5
ENERGIIA-95 LLC,222633990.68,Ukraine,2018,Part 5
ZAKHIDNADRASERVIS LLC,176908264.82,Ukraine,2018,Part 5
ARCELORMITTAL KRYVYI RIH PJSC,2397943225.39,Ukraine,2018,Part 5
KRIVOJ ROG`S IRON-ORE COMBINE PJSC,,Ukraine,2018,Part 5
LVIVVUGHILIYA SE,278038450.53,Ukraine,2018,Part 5
UKRGASVYDOBUVANNYA JSC,48133024015.17,Ukraine,2019,Part 5
NAFTOGAZVYDOBUVANNIA PRJSC,4012896019.91,Ukraine,2019,Part 5
ENERGY SERVICE COMPANY ESCO-PIVNICH LLC,1565064540.11,Ukraine,2019,Part 5
KUB-GAZ LLC,463285289.84,Ukraine,2019,Part 5
ENERGIIA-95 LLC,186983711.49,Ukraine,2019,Part 5
ARCELORMITTAL KRYVYI RIH PJSC,-585400807.45,Ukraine,2019,Part 5
PERVOMAISKVUHILLIA SE,107319071.46,Ukraine,2019,Part 5
LYSYCHANSKVUHILLIA PJSC,88401726.85,Ukraine,2019,Part 5
ENERGY SERVICE COMPANY ESCO-PIVNICH LLC,976412002.34,Ukraine,2020,Part 5
JV UKRKARPATOIL LTD LLC,278411434.98,Ukraine,2020,Part 5
KUB-GAZ LLC,169945571.22,Ukraine,2020,Part 5
NORDIK PE,110675204.9,Ukraine,2020,Part 5
SYSTEMOILINGENERING LLC,100815419.52,Ukraine,2020,Part 5
STRYINAFTOGAZ LLC,73900132.93,Ukraine,2020,Part 5
JOINT ACTIVITY AGREEMENT OF 24/12/1997 NO. 999/97. OPERATOR - POLTAVANAFTOGAZ NGDU OF UKRNAFTA PJSC (22525915),3083931207.56,Ukraine,2020,Part 5
ARCELORMITTAL KRYVYI RIH PJSC,-920490661.8,Ukraine,2020,Part 5
NOTHERN IRON ORE ENRICHMENT WORKS PRJSC,1283701626.33,Ukraine,2020,Part 5
PERVOMAISKVUHILLIA SE,148226309.38,Ukraine,2020,Part 5
BREEDON GROUP PLC (INCORPORATED IN JERSEY),,United Kingdom,2018,Part 5
SICCAR POINT ENERGY (HOLDINGS) LTD [INCL. OMV (U.K.) LTD],1872925,United Kingdom,2018,Part 5
BREEDON GROUP PLC (INCORPORATED IN JERSEY),15342783,United Kingdom,2019,Part 5
EQUINOR UK LTD,2782518,United Kingdom,2019,Part 5
JX NIPPON EXPLORATION AND PRODUCTION UK LTD,-9273409,United Kingdom,2019,Part 5
NEPTUNE ENERGY (INCLUDING ENGIE E&P UK LTD),2922325,United Kingdom,2019,Part 5
CNOOC PETROLEUM EUROPE LIMITED,142409794,United Kingdom,2020,Part 5
EQUINOR UK LTD,4260349,United Kingdom,2020,Part 5
ONE-DYAS UK LTD,7248108,United Kingdom,2020,Part 5
LUMWANA MINING COMPANY LTD,1412961690.05,Zambia,2017,Part 5
FIRST QUANTUM MINING AND OPERATIONS LTD-BM M S,793369003.48,Zambia,2017,Part 5
FIRST QUANTUM MINING AND OPERATIONS LTD BM M S,316715805.31,Zambia,2018,Part 5
ZCCM INVESTMENTS HOLDINGS PLC,95082467.74,Zambia,2018,Part 5
HIDROALBANIA ENERGJI SHPK,15338853,Albania,2017,Part 5
”DITEKO” SH.P.K,58032805,Albania,2017,Part 5
SHERWOOD INTERNACIONAL PETROLEUM LTD,38957698.93,Albania,2017,Part 5
SHKALLA SHPK,37444984,Albania,2017,Part 5
BISSA GOLD,28541612869,Burkina Faso,2017,Part 5
SEMAFO BURKINA FASO,25787987976,Burkina Faso,2017,Part 5
BURKINA MINING COMPANY SA,7904883852,Burkina Faso,2017,Part 5
NANTOU MINING BURKINA FASO,4363530853,Burkina Faso,2017,Part 5
ROXGOLD SANU,4673965741,Burkina Faso,2017,Part 5
HOUNDE GOLD OPERATION,2930101476,Burkina Faso,2017,Part 5
NETIANA MINING COMPANY,1499699713,Burkina Faso,2017,Part 5
SEMAFO BOUNGOU,980719833,Burkina Faso,2017,Part 5
ROXGOLD BURKINA FASO,182480560,Burkina Faso,2017,Part 5
SOCIÉTÉ DES MINES DE SANBRADO,2416626244,Burkina Faso,2019,Part 5
SOCIÉTÉ DES MINES DE SANBRADO,12146486651,Burkina Faso,2020,Part 5
NETIANA MINING COMPANY(NMC),937156423,Burkina Faso,2020,Part 5
SOCIÉTÉ DES HYDROCARBURES DU TCHAD (SHT),2023,Chad,2018,Part 5
ABBAS GHAZNAVI LIMITED,36244514.0,Afghanistan,2018,Part 3
ABID HASSAN ZADRAN LIMITED,1368092.0,Afghanistan,2018,Part 3
AFGHAN SHININK MINES EXTRACTION AND PROCESSING COMPANY,163838.0,Afghanistan,2018,Part 3
AFGHAN TALC LIMITED JOINT VENTURE,874463.0,Afghanistan,2018,Part 3
ARIF SHAHAB LIMITED,1241150.0,Afghanistan,2018,Part 3
AZIZ ULLAH,15498.0,Afghanistan,2018,Part 3
DAWAJAN TAREEN LIMITED,32576054.0,Afghanistan,2018,Part 3
HAYAT KHAN,114902.0,Afghanistan,2018,Part 3
ITTIFAQ AZRAHWAL LIMITED,2258228.0,Afghanistan,2018,Part 3
MOHAMMAD EDRIS,98609.0,Afghanistan,2018,Part 3
"NANGARHAR AFGHAN TALC, MINES EXTRACTION AND PROCESSING COMPANY",1033720.0,Afghanistan,2018,Part 3
NASEEB USMAN LIMITED,69022756.0,Afghanistan,2018,Part 3
NEW RAHMAT INSAAF TALC AND MARBLE EXTRACTION AND PROCESSING COMPANY,1456229.0,Afghanistan,2018,Part 3
PAIGHAM IRSHAAD LIMITED,9810230.0,Afghanistan,2018,Part 3
PAYAM RAH E FARDA LIMITED,1839111.0,Afghanistan,2018,Part 3
RAHIMI NEKA BROTHERS LIMITED,890045.0,Afghanistan,2018,Part 3
SAID LAIQ HUSSAIN,56925.0,Afghanistan,2018,Part 3
SANG SIYA AFGHANISTAN LIMITED,162095060.0,Afghanistan,2018,Part 3
SAYED HASHIM MOSAWI,8156508.0,Afghanistan,2018,Part 3
SHAIKH SAKHI KAMRAN LIMITED,159928.0,Afghanistan,2018,Part 3
SHAMS UDDIN,33680.0,Afghanistan,2018,Part 3
UMEED BAKHTIAR LIMITED,118770.0,Afghanistan,2018,Part 3
VESTA CONSTRUCTION & CONSTRUCTION MATERIALS CO,217878.0,Afghanistan,2018,Part 3
"احمد علی ولد خداداد, احمدعلی",15722.0,Afghanistan,2018,Part 3
استخراج 10000مترمکعب ریگ وجغل توسط شرکت ساختمانی احداث EHDAS CONSTRUCTION AND GRAVEL COMPANY,1000.0,Afghanistan,2018,Part 3
استخراج جغل خاکدار صالح ایجاز SALEH EJAZ GRAVEL EXTRACTION,1000.0,Afghanistan,2018,Part 3
استخراج ریگ وجغل توسط شرکت ساختمانی افغان بتن AFGHAN BATN GRAVEL EXTRACTION COMPANY,1000.0,Afghanistan,2018,Part 3
استخراج ریگ وجغل متین افغان MATEEN AFGHAN GRAVEL EXTRACTION,1000.0,Afghanistan,2018,Part 3
استخراج معدن افغان گولد ومینرال AFGHAN GOLD MINERAL CO,68760.0,Afghanistan,2018,Part 3
استخراج معدن امتیاز EMTIYAZ MINING CO,6000.0,Afghanistan,2018,Part 3
اغا احمدی منرالز استخراج اوپروسس AGHA AHMADI MINERAL PRO CO,200.0,Afghanistan,2018,Part 3
افغا ن کرستال نچرل ریسورسز AFGHAN CRISTAL NATURAL RESOURCES,49160.0,Afghanistan,2018,Part 3
تولید وپروسس سنگ مرمرالیوسف پوپل AL YOSUF POPAL MARBLE PROCESSING COMPANY,1000.0,Afghanistan,2018,Part 3
حبیب شهاب تا لک اومر مرواستخراج او پروسس شر کت HABIB SHAHAB TALC AND MARBLE EXTRACTION AND PROCESSING COMPANY,7077406.0,Afghanistan,2018,Part 3
د امین کریمزی د شوکانو او مرمرو داستخراج اوپروسس شرکت AMEEN KARIMZAI TALC AND MARBLE EXTRACTION AND PROCESSING COMPANY,13385234.0,Afghanistan,2018,Part 3
سنترال آیزین مایننگ سرویسس کمپنی CENTRAL AIZEEN MINING CO,88795.0,Afghanistan,2018,Part 3
شرکت استخراج معادن هیواد برادرز HEWAD BROTHERS MINING CO,2027271.0,Afghanistan,2018,Part 3
شرکت استخراج معادن کابل KABUL MINING EXTRACTION COMPANY,15.0,Afghanistan,2018,Part 3
شرکت استخراج معدن افغان تراورتین AFGHAN TRANWERTIN MINING CO,5.0,Afghanistan,2018,Part 3
شرکت استخراج معدن پارمیس گلوبل PARMIS GLOBAL MINING CO,825.0,Afghanistan,2018,Part 3
شرکت استخراج وپروسس سنگ عرفان غزنوی لمتید URFAN GHAZNAWI STONE PRO LTD,800.0,Afghanistan,2018,Part 3
شرکت افغان کول ال ال سی AFGHAN COAL LLC,352416.0,Afghanistan,2018,Part 3
شرکت امانیه مایننگ AMANIA MINING COMPANY,10719173.0,Afghanistan,2018,Part 3
شرکت تولید مواد معدنی کابل کلسید KABUL CLASSID MINING PRODUCTION COMPANY,1000.0,Afghanistan,2018,Part 3
شرکت خدمات انجنیری جیو و معادن افغانایت AFGHAN KNIGHT GEO & MINING CO,4586052.0,Afghanistan,2018,Part 3
شرکت سرمایه گذاری معادن MINING INVESTMENT COMPANY,481908.0,Afghanistan,2018,Part 3
شرکت مسعودعارف فقیرزاده,323200.0,Afghanistan,2018,Part 3
شهاب محبوب تالک اومرمرو استخراج اوپروسس شرکت SSHAHAB MEHBOOB TALC AND MARBLE EXTRACTION AND PROCESSING COMPANY,64325.0,Afghanistan,2018,Part 3
"محمد یونس ولد محمد عیسی, محمد یونس",32060.0,Afghanistan,2018,Part 3
نبی افغان دمعدن استخراج او پروسس شر کت NABI AFGHAN MINES EXTRACTION AND PROCESSING COMPANY,2694779.0,Afghanistan,2018,Part 3
نصب ومنتاژیک دستگاه ریگریشن محمد سمیع MOHAMMAD SAMI REGRATION INSTALLMENT PLANT,1000.0,Afghanistan,2018,Part 3
پروژه انتقال پایپ لاین گاز تاپی TAPI GAS TRANSMISSION PIPELINE PROJECT,25000.0,Afghanistan,2018,Part 3
ABID HASSAN ZADRAN LIMITED,5832314.0,Afghanistan,2019,Part 3
ALI MURADI AND IMRAN BAKHTIARI LIMITED,167548.0,Afghanistan,2019,Part 3
ANWAR ALI AFGHAN ZADRAN LIMITED,7162180.0,Afghanistan,2019,Part 3
ARIF WAQAR LIMITED,655340.0,Afghanistan,2019,Part 3
AZIZ ULLAH,80604.0,Afghanistan,2019,Part 3
DAWATAZI BALKYAAN LIMITED,110924.0,Afghanistan,2019,Part 3
HALEEM KHAN TAREEN LIMITED,1529774.0,Afghanistan,2019,Part 3
HASHMAT WALI MANDOZAI LIMITED,1990668.0,Afghanistan,2019,Part 3
HIKMAT MOHAMMAD SHERZAD LIMITED,38778792.0,Afghanistan,2019,Part 3
ITTIFAQ AZRAHWAL LIMITED,1913089.0,Afghanistan,2019,Part 3
JANNAT NIZAM LIMITED,544410.0,Afghanistan,2019,Part 3
KAMRAN BILAL TALC MINES EXTRACTION AND PROCESSING COMPANY,33129.0,Afghanistan,2019,Part 3
KAMRAN HAROON LIMITED,4039109.0,Afghanistan,2019,Part 3
KARIMI MAROOFKHEL LIMITED,1550017.0,Afghanistan,2019,Part 3
KHUSRAW ATTAI LIMITED,690937.0,Afghanistan,2019,Part 3
MILAD GHULAM MUSTAFA LIMITED,4126600.0,Afghanistan,2019,Part 3
MINISTRY OF MINES AND PETROLEUM AGREEMENTS,2737098.0,Afghanistan,2019,Part 3
MOHAMMAD EDRIS,31973.0,Afghanistan,2019,Part 3
NATURAL SARF STONE PROCESSING COMPANY,22000.0,Afghanistan,2019,Part 3
NAUMAN AADIL LIMITED,781970.0,Afghanistan,2019,Part 3
NAUMAN ROMAAN SHERZAD LIMITED,2775822.0,Afghanistan,2019,Part 3
NAVAY SANGAR ZADRAN LIMITED,1517565.0,Afghanistan,2019,Part 3
NAVID ALI SHAH TRADING COMPANY,259634.0,Afghanistan,2019,Part 3
OMAR ATTA LIMITED,10120289.0,Afghanistan,2019,Part 3
OMID SABAWOON SAND AND GRAVEL PRODUCTION COMPANY,1000.0,Afghanistan,2019,Part 3
PAIGHAM IRSHAAD LIMITED,167393.0,Afghanistan,2019,Part 3
PAK ITTIFAQ LIMITED,5562598.0,Afghanistan,2019,Part 3
PAYAM RAH E FARDA LIMITED,111008.0,Afghanistan,2019,Part 3
RAHIMI NEKA BROTHERS LIMITED,26432745.0,Afghanistan,2019,Part 3
RAHMAN ULLAH SPEENGHAR LIMITED,814913.0,Afghanistan,2019,Part 3
SAID LAIQ HUSSAIN,62276.0,Afghanistan,2019,Part 3
SANG SIYA AFGHANISTAN LIMITED,90617689.0,Afghanistan,2019,Part 3
SAYAM BEHRAM LIMITED,2102871.0,Afghanistan,2019,Part 3
SAYED NASIR TRADERS,4644048.0,Afghanistan,2019,Part 3
SHAMS UDDIN,129587.0,Afghanistan,2019,Part 3
SHAMSHIR OBAID TALC PROCESSING COMPANY,11000.0,Afghanistan,2019,Part 3
STANDARD TALC EXTRACTION AND PROCESSING COMPANY,4768058.0,Afghanistan,2019,Part 3
TARAAJ MINES MINERAL EXTRACTION AND PROCESSING COMPANY,10329.0,Afghanistan,2019,Part 3
USMAN IZZAT LIMITED,112405595.0,Afghanistan,2019,Part 3
WAZIRI MINES EXTRACTION AND PROCESSING COMPANY,88288.0,Afghanistan,2019,Part 3
YASIR MOHMAND LIMITED,58424643.0,Afghanistan,2019,Part 3
YUSUFI QAZIZADA SOAP AND TOMATO KETCHUP PRODUCTION COMPANY,41972.0,Afghanistan,2019,Part 3
ZABIT SHAH GORBAZ LIMITED,6762819.0,Afghanistan,2019,Part 3
ZAHID SAYED RAHMAN LIMITED,13827148.0,Afghanistan,2019,Part 3
ZAITOON KHAN TRADING COMPANY,1714090.0,Afghanistan,2019,Part 3
ZAKIR FAREED LIMITED,8116213.0,Afghanistan,2019,Part 3
اغا احمدی منرالز استخراج اوپروسس AGHA AHMADI MINERAL PRO CO,24709.0,Afghanistan,2019,Part 3
"افغان, محمد مسعود",879720.0,Afghanistan,2019,Part 3
"باور خان, باور خان",44100.0,Afghanistan,2019,Part 3
بلال موسی زی دمعدنی ډبرو استخراج او پروسس شرکت BILAL MUSAZAI MINERAL PROCESSING INDUSTRIAL COMPANY,29273036.0,Afghanistan,2019,Part 3
تصدی کود برق بلخ KOD-E-BARQ BALK,31889270.0,Afghanistan,2019,Part 3
حبیب شهاب تا لک اومر مرواستخراج او پروسس شر کت HABIB SHAHAB TALC AND MARBLE EXTRACTION AND PROCESSING COMPANY,21261814.0,Afghanistan,2019,Part 3
"حیات الله ولد حمیدالله, حیات الله",134804.0,Afghanistan,2019,Part 3
"خان, نور الرحمن",64515.0,Afghanistan,2019,Part 3
د امین کریمزی د شوکانو او مرمرو داستخراج اوپروسس شرکت AMEEN KARIMZAI TALC AND MARBLE EXTRACTION AND PROCESSING COMPANY,9816986.0,Afghanistan,2019,Part 3
"دوست محمد فرزند محمد شاه, دوست محمد",46649.0,Afghanistan,2019,Part 3
سلک رود مایننگ SILK ROAD MINING CO,291089.0,Afghanistan,2019,Part 3
سین جیانگ جنگ تونگ  افغانستان  تکنالوژی سرویس کو ال تی دی SEIN JHONG JHENG TONG,41840.0,Afghanistan,2019,Part 3
شرکت استخراج سنگ افغان مروارید لمتید AFGHAN MORWARID STONE MINING LTD,726167.0,Afghanistan,2019,Part 3
شرکت استخراج معادن افغان اکتیف لمیتد AFGHAN ACTIVE MINING LTD,0.0,Afghanistan,2019,Part 3
شرکت استخراج معادن افغان ایکو AFGHAN ECHO MINING CO,1300.0,Afghanistan,2019,Part 3
شرکت استخراج معادن بهارکوهساران BAHAR KOHSARAN MINING CO,113050.0,Afghanistan,2019,Part 3
شرکت استخراج معادن لیگان LEGAAN MINING CO,50.0,Afghanistan,2019,Part 3
شرکت استخراج معادن ممتاز کوثر لمتید MUMTAZ KAWSAR MINING LTD,0.0,Afghanistan,2019,Part 3
شرکت استخراج معادن یاسمین,88853.0,Afghanistan,2019,Part 3
شرکت استخراج معدن ایگل راک EAGAL ROCK MINING CO,23691.0,Afghanistan,2019,Part 3
شرکت استخراج معدن سرویس سنتر سترای ال ال سی SERVICE CENTER ALLC,11900.0,Afghanistan,2019,Part 3
شرکت استخراج معدن پارمیس گلوبل PARMIS GLOBAL MINING CO,27744.0,Afghanistan,2019,Part 3
شرکت استخراج وپروسس سنگ عرفان غزنوی لمتید URFAN GHAZNAWI STONE PRO LTD,8070.0,Afghanistan,2019,Part 3
شرکت امانیه مایننگ AMANIA MINING COMPANY,22774748.0,Afghanistan,2019,Part 3
شرکت تولید سنګ مرمر  شمشاد رحمن SHAMSHAD RAHMAN TALC PRO.CO,624234.0,Afghanistan,2019,Part 3
شرکت ذوب آهن کتلیست KATALEST IRON MINING CO,37961.0,Afghanistan,2019,Part 3
شرکت ساختمانی احمدی احمد ربی,720.0,Afghanistan,2019,Part 3
شرکت ساختمانی اریانا سازه,72000.0,Afghanistan,2019,Part 3
شرکت ساختمانی و سرکسازی افغان صداقت,487980.0,Afghanistan,2019,Part 3
شرکت ساختمانی کاوون سلطانی,131625.0,Afghanistan,2019,Part 3
شرکت صنعتی کرومایت برادران BROTHERS CROMITE MINING CO,1650.0,Afghanistan,2019,Part 3
شرکت مسعود حامد فقیرزاده,1612738.0,Afghanistan,2019,Part 3
شرکت مسعودعارف فقیرزاده,122789.0,Afghanistan,2019,Part 3
شهاب محبوب تالک اومرمرو استخراج اوپروسس شرکت SSHAHAB MEHBOOB TALC AND MARBLE EXTRACTION AND PROCESSING COMPANY,34108.0,Afghanistan,2019,Part 3
"محمد  آگل ولد محمد امین, محمد آگل",195.0,Afghanistan,2019,Part 3
"محمد عیسی ولد آغا گل, محمد عیسی",24704.0,Afghanistan,2019,Part 3
"محمد یونس ولد محمد عیسی, محمد یونس",11704.0,Afghanistan,2019,Part 3
نبی افغان دمعدن استخراج او پروسس شر کت NABI AFGHAN MINES EXTRACTION AND PROCESSING COMPANY,8783858.0,Afghanistan,2019,Part 3
"واثق ولد ملنگ خان, واثق",48194.0,Afghanistan,2019,Part 3
ANIO OIL&GAS SHA (ISH TRANS ATLANTIK ALBANIA LTD (ISHSTREAM OIL & GAS),166356745.0,Albania,2017,Part 3
DITEKO SH.P.K,57085105.0,Albania,2017,Part 3
ERVIN,0.0,Albania,2017,Part 3
SHERWOOD INTERNATIONAL PETROLEUM LTD,38957699.0,Albania,2017,Part 3
ZGURI SHPK,5234007.0,Albania,2017,Part 3
“HIDROALBANIA ENERGJI” SHPK,30677706.0,Albania,2017,Part 3
ERVIN,0.0,Albania,2018,Part 3
BISSA GOLD SA,28541612869.0,Burkina Faso,2017,Part 3
BURKINA MINING COMPANY SA (BMC),7904883852.0,Burkina Faso,2017,Part 3
HOUNDE GOLD OPERATION SA,2930101476.0,Burkina Faso,2017,Part 3
NANTOU MINING BURKINA FASO SA,4363530853.0,Burkina Faso,2017,Part 3
NETIANA MINING COMPANY (NMC),1499699713.0,Burkina Faso,2017,Part 3
ROXGOLD BURKINA FASO SARL,182480560.0,Burkina Faso,2017,Part 3
ROXGOLD SANU SA,4673965741.0,Burkina Faso,2017,Part 3
SEMAFO BOUNGOU SA,980719833.0,Burkina Faso,2017,Part 3
SEMAFO BURKINA FASO SA,25787987976.0,Burkina Faso,2017,Part 3
SOCIÉTÉ DES MINES DE SANBRADO SA,1320942827.0,Burkina Faso,2019,Part 3
NETIANA MINING COMPANY (NMC),908900000.0,Burkina Faso,2020,Part 3
SOCIÉTÉ DES MINES DE SANBRADO SA,9794640000.0,Burkina Faso,2020,Part 3
AUTRES (SECTEUR ARTISANAL),2276630000.0,Cameroon,2017,Part 3
AUTRES ACHETEURS,26609745413.0,Cote d'Ivoire,2017,Part 3
AUTRES SOCIÉTÉS NON INCLUSES DANS LE PÉRIMÈTRE DE CONCILIATION,32227000000.0,Cote d'Ivoire,2017,Part 3
LA MANCHA CI (FRANCE),135791793.0,Cote d'Ivoire,2017,Part 3
LGL RESOURCES COTE D'IVOIRE,16885933.0,Cote d'Ivoire,2017,Part 3
PERSEUS MINING CÔTE D'IVOIRE,847626755.0,Cote d'Ivoire,2017,Part 3
SOCIETE DES MINES D'ITY (SMI),7069017463.0,Cote d'Ivoire,2017,Part 3
SOCIÉTÉ NATIONALE D'OPÉRATIONS PÉTROLIÈRES DE CÔTE D'IVOIRE (PETROCI),73584503514.0,Cote d'Ivoire,2017,Part 3
SOCIÉTÉ POUR LE DÉVELOPPEMENT MINIER DE LA CÔTE D'IVOIRE (SODEMI),104175253.0,Cote d'Ivoire,2017,Part 3
BONDOUKOU MANGANESE SA (INDE),525434534.0,Cote d'Ivoire,2018,Part 3
COMPAGNIE MINIERE DU LITTORAL (CML),605133865.0,Cote d'Ivoire,2018,Part 3
ENI IVORY COAST LIMITED,333148252.0,Cote d'Ivoire,2018,Part 3
SOCIETE DES MINES D'ITY (SMI),6337466154.0,Cote d'Ivoire,2018,Part 3
SOCIÉTÉ DES MINES DE TONGON,36445956272.0,Cote d'Ivoire,2018,Part 3
CNMC CONGO COMPAGNIE MINIERE SARL (CNMC SARL),5594516.140000001,Democratic Republic of Congo,2017,Part 3
TENGYUAN COBALT & COPPER RESOURCES LTD CO (TCC SAR),11630823.780000001,Democratic Republic of Congo,2017,Part 3
BARRICK PUEBLO VIEJO DOMINICAN CORPORATION,9872556842.0,Dominican Republic,2018,Part 3
AL WAHA PETROLEUM CO LTD,1126326657.0,Iraq,2017,Part 3
CHINA INTERNATIONAL UNITED PETROLEUM AND CHEMICALS CO.LTD. (UNIPEC),6755379057.0,Iraq,2017,Part 3
CHINA NATIONAL UNITED OIL CORPORATION (CHINA OIL),1403238844.0,Iraq,2017,Part 3
DRAGON OIL LIMITED,26775899.0,Iraq,2017,Part 3
EXXONMOBIL IRAQ LIMITED,341192470.0,Iraq,2017,Part 3
GAZPROM NEFT BADRA BV,292735839.0,Iraq,2017,Part 3
HINDUSTAN PETROLEUM CORPORATION LIMITED,1411603318.0,Iraq,2017,Part 3
HPCL-MITTAL ENERGY LIMITED,752070451.0,Iraq,2017,Part 3
INDIAN OIL CORPORATION LIMITED,5610819037.0,Iraq,2017,Part 3
IPLOM INTERNATIONAL SA,239805232.0,Iraq,2017,Part 3
MOL HUNGARIAN OIL AND GAS PUBLIC LIMITED COMPANY,103537650.0,Iraq,2017,Part 3
MOTOR OIL (HELLAS) CORINTH REFINERIES SA,1099207789.0,Iraq,2017,Part 3
PBF HOLDING COMPANY LLC,549484931.0,Iraq,2017,Part 3
VALERO MARKETING AND SUPPLY COMPANY,1171555933.0,Iraq,2017,Part 3
AL WAHA PETROLEUM CO LTD,628712909.0,Iraq,2018,Part 3
CEPSA TRADING SAU,673273675.0,Iraq,2018,Part 3
CHINA OFFSHORE OIL (SINGAPORE) INTERNATIONAL PTE LTD,759852463.0,Iraq,2018,Part 3
EXXONMOBIL IRAQ LIMITED,329604903.0,Iraq,2018,Part 3
GAZPROM NEFT BADRA BV,411431751.0,Iraq,2018,Part 3
KAZMUNAYGAS TRADING AG (KMGT),67568169.0,Iraq,2018,Part 3
KUWAIT ENERGY CO,80330888.0,Iraq,2018,Part 3
MOTOR OIL (HELLAS) CORINTH REFINERIES SA,1560523767.0,Iraq,2018,Part 3
ALPHA LOGGING & WOOD PROCESSING INC,1188917.0,Liberia,2018,Part 3
CHEVRON LIBERIA C LIMITED,594319.0,Liberia,2018,Part 3
FOREST VENTURE INC (FVI),250309.0,Liberia,2018,Part 3
INTERNATIONAL CONSULTANT CAPITAL (ICC),3388224.0,Liberia,2018,Part 3
LIBERIAN AGRICULTURAL COMPANY (LAC),826299.0,Liberia,2018,Part 3
SIME DARBY PLANTATION LIB,317719.0,Liberia,2018,Part 3
SING AFRICA PLANTATIONS LIBERIA INC,1006155.0,Liberia,2018,Part 3
BEA MOUNTAIN MINING CORPORATION,4167754.0,Liberia,2019,Part 3
FOREST VENTURE INC (FVI),450715.0,Liberia,2019,Part 3
LIBERIAN AGRICULTURAL COMPANY (LAC),762409.0,Liberia,2019,Part 3
MANDRA - FORESTRY LIB,1492147.0,Liberia,2019,Part 3
MARYLAND OIL PALM PLANTATION (MOPP),273118.0,Liberia,2019,Part 3
SING AFRICA PLANTATIONS LIBERIA INC,518536.0,Liberia,2019,Part 3
SOCIÉTÉ LABRADOR MADAGASCAR SARL,685751130.81,Madagascar,2017,Part 3
REPSOL EXPLORACIÓN MÉXICO SA DE CV,2407201.0,Mexico,2017,Part 3
REPSOL EXPLORACIÓN MÉXICO SA DE CV,291711302.0,Mexico,2018,Part 3
CHINGGISIIN KHAR ALT LLC,706253000.0,Mongolia,2018,Part 3
COAL LLC,27315410000.0,Mongolia,2018,Part 3
COMMONMAX LLC,300943000.0,Mongolia,2018,Part 3
DONGSHENG PETROLEUM MONGOLIA LLC,12654203000.0,Mongolia,2018,Part 3
ERDENES TAVAN TOLGOI MINING JSC,416328509000.0,Mongolia,2018,Part 3
METAL OPT LLC,2275337000.0,Mongolia,2018,Part 3
MONGOL BASALT JSC,705000.0,Mongolia,2018,Part 3
MONGOL JU YUAN LI LLC,1547935000.0,Mongolia,2018,Part 3
MONGOLYN ALT (MAK) LLC,184449980000.0,Mongolia,2018,Part 3
OEL,5935000.0,Mongolia,2018,Part 3
REDVULCAN CO LTD,136582000.0,Mongolia,2018,Part 3
SHANLUN LLC,401439000.0,Mongolia,2018,Part 3
SHARYNGOL JSC,6061724000.0,Mongolia,2018,Part 3
SPECIAL MINES NARAN MANDAL ENTERPRISES SC,983997000.0,Mongolia,2018,Part 3
TAVANTOLGOI JSC,177143513000.0,Mongolia,2018,Part 3
CENTERRA GOLD MONGOLIA LLC,423015497.0,Mongolia,2019,Part 3
ERDENET MINING CORPORATION LLC,949589598818.0,Mongolia,2019,Part 3
ILT GOLD LLC,1242236507.0,Mongolia,2019,Part 3
JAVKHLANT ORD LLC,4099576815.0,Mongolia,2019,Part 3
MONGOL CZECH METAL LLC,688424905.0,Mongolia,2019,Part 3
PETROCHINA DAQING TAMSAG LLC,281681512337.0,Mongolia,2019,Part 3
REDVULCAN CO LTD,329134077.0,Mongolia,2019,Part 3
TOD-UNDARGA LLC,3590283630.0,Mongolia,2019,Part 3
TSAIRT MINERAL LLC,70211790919.0,Mongolia,2019,Part 3
UGUUJ BAYAN KHANGAI LLC,379327002.0,Mongolia,2019,Part 3
UULS ZAAMAR LLC,7275938621.0,Mongolia,2019,Part 3
VOYAGER MINERAL RESOURCES LLC,637726561.0,Mongolia,2019,Part 3
BAYAN AIRAG EXPLORATION LLC,10852926716.15,Mongolia,2020,Part 3
BAYANGOL ECO ZAAMAR LLC,786148910.4100001,Mongolia,2020,Part 3
BURDEL MINING LLC,23962572294.21,Mongolia,2020,Part 3
CENTERRA GOLD MONGOLIA LLC,423866842.07,Mongolia,2020,Part 3
DRAPER CAPITAL MONGOLIA LLC,306914661.87,Mongolia,2020,Part 3
ENERGY RESOURCES LLC,182244249293.35,Mongolia,2020,Part 3
ERDENES MONGOL LLC,740785070.05,Mongolia,2020,Part 3
ERDENES TAVAN TOLGOI MINING JSC,468880584491.43,Mongolia,2020,Part 3
ERDENES TSAGAANSUVARGA LLC,1247236583.78,Mongolia,2020,Part 3
GOLDEN HAMMER LLC,1071939483.91,Mongolia,2020,Part 3
IKH UNDARGA MINING LLC,323940555.82,Mongolia,2020,Part 3
ILT GOLD LLC,629597740.84,Mongolia,2020,Part 3
KHANGAD EXPLORATION LLC,14472485859.99,Mongolia,2020,Part 3
KHUKH BURDNII EKH LLC,397967854.5,Mongolia,2020,Part 3
KHUREN TOLGOI COAL MINING LLC,44374003856.91,Mongolia,2020,Part 3
MONGOLROSTSVETMET LLC,47585419932.35,Mongolia,2020,Part 3
MONPOLYMET LLC,2618511726.5299997,Mongolia,2020,Part 3
PLATINUM LAND LLC,1482759188.3,Mongolia,2020,Part 3
REDVULCAN CO LTD,708088597.39,Mongolia,2020,Part 3
SONOR TRADE LLC,920442344.59,Mongolia,2020,Part 3
SOUTHGOBI SANDS LLC,45709078224.12,Mongolia,2020,Part 3
SPECIAL MINES NARAN MANDAL ENTERPRISES SC,4220080392.04,Mongolia,2020,Part 3
TERGUUN MINING LLC,964606755.65,Mongolia,2020,Part 3
TOD-UNDARGA LLC,2221452203.5099998,Mongolia,2020,Part 3
UGUUJ BAYAN KHANGAI LLC,386000884.98,Mongolia,2020,Part 3
UNIVERSAL COPPER LLC,323172377.33,Mongolia,2020,Part 3
UULS-NOYON LLC,289442479.84000003,Mongolia,2020,Part 3
VOYAGER MINERAL RESOURCES LLC,1357830396.5100002,Mongolia,2020,Part 3
ASPHALT UNITY CONSTRUCTION LIMITED,329455.66,Nigeria,2017,Part 3
BRASOIL OIL SERVICES COMPANY NIGERIA LIMITED,4233755.53,Nigeria,2017,Part 3
BUA INTERNATIONAL LIMITED,265732.518,Nigeria,2017,Part 3
C.G.C NIGERIA LIMITED,4788304.241,Nigeria,2017,Part 3
CNC MINING COMPANY LIMITED,91599.706,Nigeria,2017,Part 3
CONTINENTAL OIL AND GAS COMPANY (CONOG),22279874.0,Nigeria,2017,Part 3
CRUSHED ROCK INDUSTRIES (NIGERIA) LTD,45454.195,Nigeria,2017,Part 3
DANTATA & SAWOE CONSTRUCTION COMPANY (NIGERIA) LTD,268893.746,Nigeria,2017,Part 3
E. B. H. GRANITE LIMITED,21461.883,Nigeria,2017,Part 3
INORGANIC EARTH RESOURCES LIMITED,29644.918,Nigeria,2017,Part 3
LAKE PETROLEUM LIMITED,19122.338,Nigeria,2017,Part 3
MERCURY MINING INVESTMENT LTD,42210.771,Nigeria,2017,Part 3
MOTHERCAT LIMITED,429304.146,Nigeria,2017,Part 3
NIGERIAN NATIONAL PETROLEUM CORPORATION (NNPC),10188981458.27,Nigeria,2017,Part 3
OANDO QUA-IBO LIMITED,0.0,Nigeria,2017,Part 3
OFL MARBLE & GRANITE LIMITED,27331.260000000002,Nigeria,2017,Part 3
PIONEER SINOCHINO INVESTMENT VENTURES LIMITED,19194.898,Nigeria,2017,Part 3
RATCON CONSTRUCTION COMPANY LTD,13867126.73,Nigeria,2017,Part 3
SETRACO NIGERIA LIMITED,1270056.187,Nigeria,2017,Part 3
TRIACTA NIGERIA LTD,296184.415,Nigeria,2017,Part 3
VENUS MINING COMPANY LIMITED,33295.710999999996,Nigeria,2017,Part 3
WODA MOUNTAIN INVESTMENT LTD,76919.163,Nigeria,2017,Part 3
Z&Y INVESTMENT COMPANY LIMITED,36705.437,Nigeria,2017,Part 3
ZHONG XING MINING INVESTMENT LIMITED,38591.26,Nigeria,2017,Part 3
ADDAX PETROLEUM EXPLORATION NIGERIA LIMITED (APENL),51094917.98,Nigeria,2018,Part 3
AITEO EASTERN EXPLORATION & PRODUCTION COMPANY LIMITED,110115387.67999999,Nigeria,2018,Part 3
BRITTANIA-U NIGERIA LIMITED,1600037.29,Nigeria,2018,Part 3
CCECC NIGERIA LIMITED,8251321.34,Nigeria,2018,Part 3
CHEVRON NIGERIA LIMITED (CNL),929386281.23,Nigeria,2018,Part 3
CONOIL PRODUCING LIMITED,10187767.0,Nigeria,2018,Part 3
CONROK NIGERIA LIMITED,21473.35,Nigeria,2018,Part 3
DANGOTE CEMENT NIGERIA LIMITED,102833316.58999999,Nigeria,2018,Part 3
EXCEL EXPLORATION & PRODUCTION COMPANY LIMITED,614343.14,Nigeria,2018,Part 3
FIRST HYDROCARBON NIGERIA (FHN),292827.94,Nigeria,2018,Part 3
GREEN ENERGY INTERNATIONAL LIMITED (GEIL),3222933.19,Nigeria,2018,Part 3
LEVANT CONSTRUCTION COMPANY LTD.,491092.38,Nigeria,2018,Part 3
MOBIL PRODUCING NIGERIA UNLIMITED (MPNU),2370948463.88,Nigeria,2018,Part 3
NIGER DELTA PETROLEUM RESOURCES LIMITED (NDPR),70165314.95,Nigeria,2018,Part 3
NIGERIA AGIP OIL COMPANY LIMITED (NAOC),500256611.19,Nigeria,2018,Part 3
NIGERIA PETROLEUM DEVELOPMENT COMPANY LIMITED (NPDC),1153671825.55,Nigeria,2018,Part 3
REYNOLDS CONSTRUCTION COMPANY LTD,11285278.87,Nigeria,2018,Part 3
SINO MINMETALS COMPANY LIMITED,56217.34,Nigeria,2018,Part 3
SOUTH ATLANTIC PETROLEUM LIMITED (SAPETRO),34919805.879999995,Nigeria,2018,Part 3
STERLING OIL EXPLORATION & ENERGY PRODUCTION COMPANY LIMITED (SEEPCO),197880901.14,Nigeria,2018,Part 3
TONGYI ALLIED MINERAL LTD,11218.33,Nigeria,2018,Part 3
TOTAL EXPLORATION & PRODUCTION NIGERIA LIMITED (TEPNG),1366227452.3300002,Nigeria,2018,Part 3
TOTAL UPSTREAM NIGERIA LIMITED (TUPNI),293588302.28000003,Nigeria,2018,Part 3
UNIVERSAL ENERGY RESOURCES LIMITED (UERL),2592412.4099999997,Nigeria,2018,Part 3
WALTERSMITH PETROMAN OIL LIMITED,8981888.39,Nigeria,2018,Part 3
WEST AFRICAN MINERAL TRADING,28420.13,Nigeria,2018,Part 3
Z&Y INVESTMENT COMPANY LIMITED,47719.64,Nigeria,2018,Part 3
ZHONG TAI MINING (NIG.) LIMITED,31870.27,Nigeria,2018,Part 3
OKEA ASA,-3756094.0,Norway,2017,Part 3
NORECO NORWAY AS,0.0,Norway,2018,Part 3
OKEA ASA,-11390000.0,Norway,2018,Part 3
OTHER COMPANIES - NON-RIGHTS HOLDERS,667520000.0,Norway,2019,Part 3
"BENGUET CORP NICKEL MINES, INC.",24569767.68,Philippines,2018,Part 3
CIMENTS DU SAHEL (CDS),18559251105.0,Senegal,2018,Part 3
COMPAGNIE GÉNÉRALE D'EXPLOITATION DE CARRIÈRE (COGECA),4644238825.0,Senegal,2018,Part 3
GRANDE CÔTE OPÉRATIONS (GCO),8007005014.0,Senegal,2018,Part 3
INDUSTRIES CHIMIQUES DU SÉNÉGAL (ICS),483608338.0,Senegal,2018,Part 3
LA SOCIÉTÉ DES MINES DE FER DU SÉNÉGAL ORIENTAL (MIFERSO),0.0,Senegal,2018,Part 3
PETOWAL MINING COMPANY SA (PMC SA),3741277120.0,Senegal,2018,Part 3
SABODALA GOLD OPERATIONS (SGO),16241489838.0,Senegal,2018,Part 3
SABODALA MINING COMPANY (SMC),89490250.0,Senegal,2018,Part 3
SEPHOS SENEGAL SA (SEPHOS SA),118862346.0,Senegal,2018,Part 3
SOCIÉTÉ DES PÉTROLES DU SÉNÉGAL (PETROSEN),371034720.0,Senegal,2018,Part 3
SOCIÉTÉ MINIÈRE DE LA VALLÉE DU FLEUVE SÉNÉGAL (SOMIVA),507328796.0,Senegal,2018,Part 3
"SOCIÉTÉ POUR LE DÉVELOPPEMENT DE L'INDUSTRIE, DU TOURISME ET DE L'HABITAT AU SÉNÉGAL (SODEVIT)",1391236150.0,Senegal,2018,Part 3
SOCIÉTÉ SÉNÉGALAISE DES PHOSPHATES DE THIÈS (SSPT),349326759.0,Senegal,2018,Part 3
AGEM SÉNÉGAL EXPLORATION SUARL,49863087.0,Senegal,2019,Part 3
BP SENEGAL INVESTMENTS LIMITED,637388188.0,Senegal,2019,Part 3
DANGOTE INDUSTRIES SÉNÉGAL SA,13408102986.0,Senegal,2019,Part 3
ORANTO PETROLEUM LIMITED,235670145.0,Senegal,2019,Part 3
TOTAL E&P SENEGAL,6902218994.0,Senegal,2019,Part 3
TOGO CARRIÈRE,227674594.0,Togo,2017,Part 3
TOGOLAISE DES GRANDS CAOUS (TGC) SA,110397818.0,Togo,2017,Part 3
VOLTIC TOGO SARL,118065688.0,Togo,2017,Part 3
KRIVOJ ROG’S IRON-ORE COMBINE PJSC,1045068354.0,Ukraine,2017,Part 3
LYSYCHANSKVUHILLYA PJSC,72384273.0,Ukraine,2017,Part 3
NAFTOGAZVYDOBUVANNYA PRJSC,4650457048.0,Ukraine,2017,Part 3
PROM-ENERGO PRODUCT LLC,118381857.0,Ukraine,2017,Part 3
SYSTEMOILINGENERYNG LLC,185202352.0,Ukraine,2017,Part 3
THE FOREIGN INVESTMENT ENTERPRISE ZAPORIZHZHIA IRON ORE INDUSTRIAL COMPLEX PRJSC,497684581.0,Ukraine,2017,Part 3
UKRGAZVYDOBUVANNYA JSC,50211117998.0,Ukraine,2017,Part 3
ARCELORMITTAL KRYVIY RIH PJSC,2397943226.0,Ukraine,2018,Part 3
CUB-GAZ LLC,685091562.0,Ukraine,2018,Part 3
ENERGY & SERVICE COMPANY ESCO-PIVNICH LLC,2406519019.0,Ukraine,2018,Part 3
ENERGY-95 LLC,222633990.0,Ukraine,2018,Part 3
KRIVOJ ROG’S IRON-ORE COMBINE PJSC,0.0,Ukraine,2018,Part 3
LVIVVUHILLIA SE,278038450.0,Ukraine,2018,Part 3
STRIYNAFTOGAZ LLC,229191792.0,Ukraine,2018,Part 3
UKRGAZVYDOBUVANNYA JSC,41118410086.0,Ukraine,2018,Part 3
ZAKHIDNADRASERVICE LLC,176908264.0,Ukraine,2018,Part 3
ARCELORMITTAL KRYVIY RIH PJSC,-585400807.0,Ukraine,2019,Part 3
CUB-GAZ LLC,463285290.0,Ukraine,2019,Part 3
ENERGY & SERVICE COMPANY ESCO-PIVNICH LLC,1565015942.0,Ukraine,2019,Part 3
ENERGY-95 LLC,186983711.0,Ukraine,2019,Part 3
LYSYCHANSKVUHILLYA PJSC,88401727.0,Ukraine,2019,Part 3
NAFTOGAZVYDOBUVANNYA PRJSC,4012896021.0,Ukraine,2019,Part 3
PERVOMAYSKVUHILLA SE,107319071.0,Ukraine,2019,Part 3
UKRGAZVYDOBUVANNYA JSC,48133024015.0,Ukraine,2019,Part 3
ARCELORMITTAL KRYVIY RIH PJSC,-920490663.0,Ukraine,2020,Part 3
CUB-GAZ LLC,169945571.0,Ukraine,2020,Part 3
ENERGY & SERVICE COMPANY ESCO-PIVNICH LLC,976412002.0,Ukraine,2020,Part 3
JOINT ACTIVITY AGREEMENT OF 24/12/1997 № 999/97 - OPERATED BY POLTAVANAFTOGAZ OPMO OF UKRNAFTA PJSC (22525915),3083931208.0,Ukraine,2020,Part 3
JV UKRCARPATOIL LTD LLC,278411436.0,Ukraine,2020,Part 3
NORDIC PE,110675205.0,Ukraine,2020,Part 3
NORTHERN IRON ORE ENRICHMENT WORKS PRJSC,1283701626.0,Ukraine,2020,Part 3
PERVOMAYSKVUHILLA SE,148226309.0,Ukraine,2020,Part 3
STRIYNAFTOGAZ LLC,73900133.0,Ukraine,2020,Part 3
SYSTEMOILINGENERYNG LLC,100815420.0,Ukraine,2020,Part 3
BREEDON GROUP PLC,14747907.0,United Kingdom,2018,Part 3
SICCAR POINT ENERGY,1872925.0,United Kingdom,2018,Part 3
BREEDON GROUP PLC,15342783.0,United Kingdom,2019,Part 3
EQUINOR UK LTD (STATOIL UK LTD),2782517.0,United Kingdom,2019,Part 3
JX NIPPON EXPLORATION AND PRODUCTION (U.K.) LIMITED,-9273409.0,United Kingdom,2019,Part 3
NEPTUNE ENERGY (ENGIE E&P UK LTD),2922325.0,United Kingdom,2019,Part 3
CNOOC PETROLEUM EUROPE LIMITED (FORMERLY NEXEN PETROLEUM UK LTD),142409795.0,United Kingdom,2020,Part 3
EQUINOR UK LTD (STATOIL UK LTD),4260352.0,United Kingdom,2020,Part 3
ONE-DYAS UK LTD (FORMERLY ORANJE-NASSAU ENERGIE RESOURCES LTD),7248107.0,United Kingdom,2020,Part 3
FIRST QUANTUM MINING AND OPERATIONS LTD,793369002.0,Zambia,2017,Part 3
LUMWANA MINING COMPANY LIMITED,1412961691.0,Zambia,2017,Part 3
FIRST QUANTUM MINING AND OPERATIONS LTD,316715806.0,Zambia,2018,Part 3
ZCCM INVESTMENTS HOLDINGS PLC (ZCCM- IH),95082468.0,Zambia,2018,Part 3
