Country or area name,ISO Alpha-3 Code,National currency name,National currency ISO-4217,Start Date,End Date,Has an EITI Report been prepared by an Independent Administrator?,What is the name of the company?,Date that the EITI Report was made public,"URL, EITI Report",Does the government systematically disclose EITI data at a single location?,Publication date of the EITI data,Website link (URL) to EITI data,Are there other files of relevance?,Date that other file was made public,URL,Does the government have an open data policy?,Open data portal / files,Oil,Gas,Mining (incl. Quarrying),"Other, non-upstream sectors","If yes, please specify name (insert new rows if multiple)",Number of reporting government entities (incl SOEs if recipient),Number of reporting companies (incl SOEs if payer),Reporting currency (ISO-4217 currency codes),Exchange rate used: 1 USD = ,"Exchange rate source (URL,…)",… by revenue stream,… by government agency,… by company,… by project,Systematically disclosed,Through EITI Reporting,Not applicable,Not available,Name,Organisation,Email address
Afghanistan,AFG,Afghan afghani,AFN,2017-12-21,2018-12-20,No,Not applicable,,,Partially,,,Not applicable,,,"Yes, systematically disclosed",https://transparency.mom.gov.af/,Yes,Yes,Yes,No,Not applicable,5,220,AFN,72.08,https://dab.gov.af/exchange-rates,Yes,Yes,Yes,Yes,57.38%,13.11%,26.23%,3.28%,,,
Afghanistan,AFG,Afghan afghani,AFN,2018-12-21,2019-12-20,No,Not applicable,,,Partially,,,Not applicable,,,"Yes, systematically disclosed",https://transparency.mom.gov.af/,Yes,Yes,Yes,No,Not applicable,5,246,AFN,77.74,https://dab.gov.af/exchange-rates,Yes,Yes,Yes,Yes,61.29%,9.68%,25.81%,3.23%,,,
Cote d'Ivoire,CIV,West African CFA franc,XOF,2017-01-01,2017-12-31,Yes,BDO LLP UK,2019-10-01,https://eiti.org/node/11049,Partially,2019-10-01,https://eiti.org/node/11049,No,,,"Yes, through EITI reporting","Oui, à travers le rapportage ITIE",Yes,Yes,Yes,Not applicable,,8,38,XOF,580.855,https://www.bceao.int/sites/default/files/2018-07/Rapport_annuel_2017.pdf,Yes,Yes,Yes,No,6.56%,65.57%,9.84%,18.03%,Ghazi Khiari,BDO LLP UK,Ghazi.Khiari@bdo-ifi.com
Cote d'Ivoire,CIV,Franc CFA d’Afrique de l’Ouest,XOF,2018-01-01,2018-12-31,Yes,BDO Tunisie Consulting,2020-12-30,http://www.cn-itie.ci/wp-content/uploads/2020/12/Rapport-ITIE-CI-2018-Version-finale-30-12-20.pdf,No,,,No,,,"Yes, through EITI reporting",http://www.cn-itie.ci/?page_id=40,Yes,Yes,Yes,No,No,22,29,XOF,555.247,https://www.bceao.int/sites/default/files/2019-07/Rapport%20annuel%202018.pdf,Yes,Yes,Yes,Partially,9.52%,50.79%,4.76%,34.92%,Elyes Kooli,BDO Tunisie Consulting,e.kooli@bdo.tn
Democratic Republic of Congo,COD,Congolese franc,CDF,2017-01-01,2017-12-31,Yes,BDO Tunisie Consulting,2019-12-31,https://eiti.org/document/2017-democratic-republic-of-congo-eiti-report,No,,,No,,,"Yes, through EITI reporting",http://emine.ht2techinfo.cd/dashboard,Yes,No,Yes,No,,27,118,CDF,1448.5,https://fxtop.com/fr/historique-taux-change.php?A=1&C1=USD&C2=CDF&TR=1&DD1=01&MM1=01&YYYY1=2017&B=1&P=&I=1&DD2=31&MM2=12&YYYY2=2017&btnOK=Chercher,Yes,Yes,Yes,No,9.43%,71.70%,7.55%,11.32%,Fathi Mabrouk,BDO Tunisie Consulting,f.mabrouk@bdo.tn
Dominican Republic,DOM,Dominican peso,DOP,2018-01-01,2018-12-31,Yes,Deloitte,2020-01-30,www.eitird.mem.gob.do,No,,,No,,,"Yes, systematically disclosed",https://eitird.mem.gob.do/explorar-datos/,Partially,Partially,Yes,No,Not applicable,4,4,DOP,49.43,https://www.bancentral.gov.do/a/d/2538-mercado-cambiario,Yes,Yes,Yes,Yes,1.85%,57.41%,18.52%,22.22%,Sandra Castillo,Secretaría Ejecutiva EITI-RD,sandra.castillo@eitird.mem.gob.do
Dominican Republic,DOM,Dominican peso,DOP,2019-01-01,2019-12-31,Yes,Deloitte,2022-02-28,www.eitird.mem.gob.do,No,,,No,,,"Yes, systematically disclosed",https://eitird.mem.gob.do/explorar-datos/,Partially,Partially,Yes,No,,4,5,DOP,52.83,https://www.bancentral.gov.do/a/d/2538-mercado-cambiario,Yes,Yes,Yes,No,1.72%,53.45%,17.24%,27.59%,Patricia Priego,Secretaría Ejecutiva EITI-RD,patricia.priego@mem.gob.do
Dominican Republic,DOM,Dominican peso,DOP,2020-01-01,2020-12-31,Yes,Deloitte,2022-02-28,www.eitird.mem.gob.do,No,,,No,,,"Yes, systematically disclosed",https://eitird.mem.gob.do/explorar-datos/,Partially,Partially,Yes,No,,4,3,DOP,58.07,https://www.bancentral.gov.do/a/d/2538-mercado-cambiario,Yes,Yes,Yes,No,,,,,Patricia Priego,Secretaría Ejecutiva EITI-RD,patricia.priego@mem.gob.do
Ethiopia,ETH,Ethiopian birr,ETB,2016-07-08,2017-07-07,Yes,BDO LLP,2019-08-28,eiti.org,Not applicable,2019-08-28,,Not applicable,,,"Yes, through EITI reporting",,Yes,Yes,Yes,No,No,3,7,ETB,28.8,,Yes,Yes,Yes,Not applicable,20.00%,45.45%,10.91%,23.64%,Rached Maalej,BDO LLP,Rached.Maalej@bdo.co.uk
Germany,DEU,Euro,EUR,2017-01-01,2017-12-31,Yes,Warth & Klein Grant Thornton AG Wirtschaftsprüfungsgesellschaft Düsseldorf (WKGT),2019-12-23,https://d-eiti.de/wp-content/uploads/2019/12/2.-D-EITI-Bericht.pdf,No,2019-12-23,https://d-eiti.de/wp-content/uploads/2020/06/D-EITI_Bericht_f%C3%BCr_2017_Dez.-2019_eng.pdf,Yes,2019-12-23,http://www.rohstofftransparenz.de/en,"Yes, through EITI reporting",http://www.rohstofftransparenz.de/en,Yes,Yes,Yes,No,,4,4,EUR,0.8852,https://www.bundesbank.de/dynamic/action/de/statistiken/zeitreihen-datenbanken/zeitreihen-datenbank/759778/759778?listId=www_s331_b01012_1,Yes,Yes,Yes,Yes,15.69%,49.02%,31.37%,3.92%,Boris Raeder,D-EITI-Secretariat,sekretariat@d-eiti.de
Germany,DEU,Euro,EUR,2018-01-01,2018-12-31,Partially,Warth & Klein Grant Thornton AG Wirtschaftsprüfungsgesellschaft Düsseldorf (WKGT),2021-02-26,https://d-eiti.de/Downloads/3.%20DEITI%20Bericht%20f%C3%BCr%202018.pdf?_t=1618560783,No,2020-12-22,https://d-eiti.de/Downloads/3.%20DEITI%20Bericht%20f%C3%BCr%202018.pdf?_t=1618560783,Yes,2020-12-22,https://rohstofftransparenz.de/wp-content/uploads/2021/04/aggregierte-3._D-EITI_Daten.zip,"Yes, through EITI reporting",http://www.rohstofftransparenz.de/en,Yes,Yes,Yes,No,,4,4,EUR,0.8476,https://www.ecb.europa.eu/stats/policy_and_exchange_rates/euro_reference_exchange_rates/html/eurofxref-graph-usd.de.html,Yes,Yes,Yes,Yes,15.69%,49.02%,33.33%,1.96%,Boris Raeder,D-EITI-Secretariat,sekretariat@d-eiti.de
Germany,DEU,Euro,EUR,2019-01-01,2019-12-31,Partially,Warth & Klein Grant Thornton AG Wirtschaftsprüfungsgesellschaft Düsseldorf (WKGT),2021-12-23,https://d-eiti.de/Downloads/Aktualisierung%20zum%20Berichtsjahr%202019.pdf,No,2021-12-23,https://rohstofftransparenz.de/en/download/,Yes,2021-12-23,https://rohstofftransparenz.de/downloads/aggregierte_D-EITI_Daten_Berichtsjahr_2019.zip,"Yes, through EITI reporting",http://www.rohstofftransparenz.de/en,Yes,Yes,Yes,No,,4,4,,EUR,0.8934,https://www.ecb.europa.eu/stats/policy_and_exchange_rates/euro_reference_exchange_rates/html/eurofxref-graph-usd.de.html,Yes,Yes,Yes,Yes,15.69%,49.02%,31.37%,3.92%,Boris Raeder,D-EITI-Secretariat
Germany,DEU,Euro,EUR,2020-01-01,2020-12-31,Partially,Grant Thornton AG Wirtschaftsprüfungsgesellschaft Düsseldorf,2022-12-22,https://d-eiti.de/Downloads/Gesamtpaket%205.%20D-EITI%20Bericht.pdf,No,2022-12-22,https://rohstofftransparenz.de/en/download/,Yes,2022-12-22,https://rohstofftransparenz.de/downloads/5.D-EITI%20Bericht_Daten.zip,"Yes, through EITI reporting",https://www.govdata.de/,Yes,Yes,Yes,No,,4,17,EUR,0.877,https://www.irs.gov/individuals/international-taxpayers/yearly-average-currency-exchange-rates,Yes,Yes,Yes,Yes,16.98%,50.94%,28.30%,3.77%,Mareike Göhler-Robus,D-EITI-Secretariat,sekretariat@d-eiti.de
Ghana,GHA,Ghanaian cedi,GHS,2017-01-01,2017-12-31,Yes,Boas &Associates,2019-12-31,www.gheiti.gov.gh/site/index.php?option=com_phocadownload&view=category&id=46:2017&Itemid=54,Partially,2019-12-31,www.gheiti.gov.gh/site/index.php?option=com_phocadownload&view=category&id=46:2017&Itemid=54,No,,,Not available,,Yes,Yes,Yes,Yes,,21,26,GHS,4.3117,https://www.bog.gov.gh/treasury-and-the-markets/daily-interbank-fx-rates/,Yes,Yes,Yes,Yes,18.87%,52.83%,7.55%,20.75%,Freda Effah Bortier,Boas & Associates,fredarry121@yahoo.com; fredabortier@gmail.com
Ghana,GHA,Ghanaian cedi,GHS,2018-01-01,2018-12-31,Yes,Boas &Associates,2019-12-31,No,,www.gheiti.gov.gh/site/index.php?option=com_phocadownload&view=category&id=46:2017&Itemid=54,No,2019-12-31,www.gheiti.gov.gh/site/index.php?option=com_phocadownload&view=category&id=46:2017&Itemid=54,,Not available,,Yes,Yes,Yes,Yes,,21,25,GHS,4.6184,https://www.bog.gov.gh/treasury-and-the-markets/daily-interbank-fx-rates/,Yes,Yes,Yes,Yes,18.87%,52.83%,5.66%,22.64%,Freda Effah Bortier,Boas & Associates,fredarry121@yahoo.com; fredabortier@gmail.com
Ghana,GHA,Ghanaian cedi,GHS,2019-01-01,2019-12-31,Partially,Boas & Associates,2021-12-31,Publications (gheiti.gov.gh),No,2021-12-31,http://www.gheiti.gov.gh/site/index.php?option=com_phocadownload&view=category&id=51:covid-19-reports&download=401:effects-of-covid-19-on-petroleum-and-mining-sectors-in-ghana-2021&Itemid=&Itemid=&Itemid=&Itemid=&Itemid=54,Yes,2021-12-31,http://www.gheiti.gov.gh/site/index.php?option=com_phocadownload&view=category&id=51:covid-19-reports&download=401:effects-of-covid-19-on-petroleum-and-mining-sectors-in-ghana-2021&Itemid=&Itemid=&Itemid=&Itemid=&Itemid=54,Not available,https://data.gov.gh/sites/default/files/Ghana%20National%20Data%20Sharing%20Policy%20Draft%203.0.pdf,Yes,Yes,Yes,Not applicable,,5,7,GHS,5.1802,tps://www.bog.gov.gh/treasury-and-the-markets/historical-interbank-fx-rates/,Yes,Yes,Yes,Partially,26.42%,56.60%,0.00%,16.98%,Freda Botier,Boas & Associates,fredarry121@yahoo.com
Guatemala,GTM,Guatemalan Quetzal,GTQ,2017-01-01,2017-12-01,Yes,"Castillo Villatoro & Asociados, contadores publicos, auditores y consultores",2018-12-01,https://eiti.org/sites/default/files/attachments/cuarto-informe-nacional-2016-2017.pdf,No,,,No,,,"Yes, through EITI reporting",https://uip.mingob.gob.gt/wp-content/uploads/2019/03/Pol%C3%ADtica-Nacional-de-Datos-Abiertos-2018-2022.pdf,Yes,No,Yes,No,,5,11,GTQ,7.3515,https://www.banguat.gob.gt/en/page/foreign-exchange-rate,Partially,Yes,No,No,35.59%,6.78%,13.56%,30.51%,Jessica Sanchez,EITI,Jsanchez@eiti.org
Philippines,PHL,Philippine Peso,PHP,2018-01-01,2018-12-31,Yes,"Atty. Maria Karla L. Espinosa, LLM - Contextual Information Consultant Ms. Linnet Madelate C. Chan, CPA - Independent Administrator",2020-12-29,http://pheiti.dof.gov.ph/download/sixth-ph-eiti-report-fy-2018/?wpdmdl=898,Partially,2020-12-29,EDGE: http://ph-eiti.dof.gov.ph/edge.html https://pheiti.dof.gov.ph/extractive-data-generator/ Country Reports: https://pheiti.dof.gov.ph/country-reports/,Yes,2015-10-27,http://contracts-eiti.dof.gov.ph/,"Yes, systematically disclosed",https://data.gov.ph/ https://www.foi.gov.ph/,Yes,Yes,Yes,Not applicable,,8,59,PHP,52.6614,https://www.bsp.gov.ph/SitePages/Statistics/ExchangeRate.aspx,Yes,Yes,Yes,Yes,60.56%,8.45%,25.35%,5.63%,Ma. Teresa S. Habitan,Department of Finance / Philippine EITI,pheiti@dof.gov.ph
Republic of the Congo,COG,Franc CFA d’Afrique centrale,XAF,2017-01-01,2017-12-31,Yes,BDO LLP,2019-12-23,https://www.itie-congo.org/index.php/component/k2/item/69-rapport-itie-2017-de-la-republique-du-congo,No,Not applicable,Not applicable,No,Not applicable,Not applicable,Not available,Not applicable,Yes,Yes,Yes,Yes,,70,9,XAF,546,https://www.beac.int/wp-content/uploads/2016/10/RAPPORT-ANNUEL-BEAC-2017-version_-30oct181.pdf,Yes,Yes,Yes,No,20.00%,56.67%,3.33%,20.00%,Maher Kabsi,BDO LLP,Maher.Kabsi@bdo-ifi.com
Senegal,SEN,Franc CFA d’Afrique de l’Ouest,XOF,2018-01-01,2018-12-31,Yes,BDO LLP UK,2019-12-06,https://eiti.org/files/documents/rapport-itie-senegal-2018-cnitie-version-finale.pdf,No,,,Not applicable,,,"Yes, systematically disclosed",https://itie.sn/documentation/ https://eiti.org/fr/node/8400,Yes,Yes,Yes,No,Not applicable,9,25,XOF,555.247,https://www.bceao.int/sites/default/files/2019-07/Rapport%20annuel%202018.pdf,Yes,Yes,Yes,Partially,18.52%,59.26%,11.11%,11.11%,Karim Limam,BDO LLP,Karim.limam@bdo.co.uk
Senegal,SEN,Franc CFA d’Afrique de l’Ouest,XOF,2019-01-01,2019-12-31,Yes,BDO Tunisie Consulting,2020-12-17,,No,2020-12-17,http://itie.sn/rapport-itie-2019/,No,,,"Yes, through EITI reporting",https://donnees.itie.sn/dashboard/,Yes,Yes,Yes,Not applicable,,8,26,XOF,587.54,https://www.bceao.int/sites/default/files/2020-06/Rapport%20annuel%202019%20de%20la%20BCEAO.pdf,Yes,Yes,Yes,Yes,16.67%,74.07%,3.70%,5.56%,Fathi Mabrouk,BDO Tunisie Consulting,f.mabrouk@bdo.tn
Seychelles,SYC,Seychellois rupee,SCR,2017-01-01,2017-12-31,No,,,,Yes,2019-12-31,http://www.petroseychelles.com/,No,,,Not available,,Yes,Yes,No,No,,3,2,SCR,13.26,,Yes,Yes,No,No,27.78%,5.56%,48.15%,18.52%,Ms Nadia Jeremie,SRC,nadia.jeremie@src.gov.sc
Seychelles,SYC,Seychellois rupee,SCR,2018-01-01,2018-12-31,No,,,,Yes,2019-12-31,http://www.petroseychelles.com/,No,,,Not available,,Yes,Yes,No,No,,3,2,SCR,13.63,,Yes,Yes,No,No,27.78%,5.56%,48.15%,14.81%,Ms Nadia Jeremie,SRC,nadia.jeremie@src.gov.sc
Mexico,MEX,Mexican Peso,MXN,1/1/2017,12/31/2017,Yes,Ernst & Young,4/24/2020,https://eiti.transparenciapresupuestaria.gob.mx/swb/eiti/datos_documentos,Partially,,https://eiti.transparenciapresupuestaria.gob.mx/swb/eiti/home,No,,,"Yes, systematically disclosed",https://eiti.transparenciapresupuestaria.gob.mx/swb/eiti/datos_documentos,Yes,Yes,Yes,No,,6,24,MXN,23.8343,https://www.banxico.org.mx/tipcamb/main.do?page=tip&idioma=sp,Yes,Partially,Partially,Partially,29.73%,29.73%,5.41%,35.14%,Salvador Ugalde,Ernst & Young,Salvador.Ugalde.Mancilla@mx.ey.com
Mexico,MEX,Mexican Peso,MXN,1/1/2018,12/31/2018,Yes,Ernst & Young,4/24/2020,https://eiti.transparenciapresupuestaria.gob.mx/swb/eiti/datos_documentos,Partially,,https://eiti.transparenciapresupuestaria.gob.mx/swb/eiti/home,No,,,"Yes, systematically disclosed",https://eiti.transparenciapresupuestaria.gob.mx/swb/eiti/datos_documentos,Yes,Yes,Yes,No,,6,24,MXN,23.8343,https://www.banxico.org.mx/tipcamb/main.do?page=tip&idioma=sp,Yes,Partially,Partially,Partially,24.69%,23.46%,0.00%,51.85%,Salvador Ugalde,Ernst & Young,Salvador.Ugalde.Mancilla@mx.ey.com
Mongolia,MNG,Mongolian Tugrik,MNT,1/1/2018,12/31/2018,Yes,Consortium of BDO Tunisia and BDO Mongolia,12/30/2019,http://www.eitimongolia.mn/mn/reconciliation-report,Yes,12/31/2019,Yes,Yes,12/31/2019,http://www.eitimongolia.mn/mn/reconciliation-report,"Yes, through EITI reporting",,Yes,Yes,Yes,Yes,Uranium,10,202,MNT,2642.92,https://www.mongolbank.mn/dblistofficialdailyrate.aspx,Yes,Yes,Yes,No,53.85%,43.08%,3.08%,0.00%,Bayartsogzol,BDO Audit LLC,bayartsogzol@bdo.mn
Mongolia,MNG,Mongolian Tugrik,MNT,1/1/2019,12/31/2019,Yes,Grant Thornton Audit LLC,12/31/2020,https://www.eitimongolia.mn/mn/reconciliation-report,Yes,12/31/2020,https://www.eitimongolia.mn/,Yes,12/31/2020,https://www.eitimongolia.mn/mn/reconciliation-report,"Yes, through EITI reporting",https://www.eitimongolia.mn/mn/reconciliation-report,Yes,Yes,Yes,No,,47,2053,MNT,2733.52,https://www.mongolbank.mn/dblistofficialdailyrate.aspx?vYear=2019&vMonth=12&vDay=30,Yes,Yes,Yes,Yes,36.67%,41.67%,5.00%,16.67%,Erdenetsog Natsagdorj,Grant Thornton Audit LLC,Info@mn.gt.com
Suriname,SUR,Surinamese dollar,SRD,2017-01-01,2017-12-31,Yes,BDO Assurance NV,2019-12-31,https://eitisuriname.org/en,Yes,2019-12-31,https://eitisuriname.org/wp-content/uploads/2019/12/EITI_SR_Report_2017.pdf,No,,,"Yes, systematically disclosed",http://finance.gov.sr/,Yes,Not applicable,Yes,Not applicable,,2,7,SRD,7.425,https://www.cbvs.sr/images/content/publicaties/Wisselkoersen/2018/Gemiddelde_mndkrsn_1994-2018.pdf,Yes,Not applicable,Yes,Not applicable,21.82%,34.55%,18.18%,25.45%,Robin Ferrier,BDO Assurance NV,robin.ferrier@bdo.sr
Mongolia,MNG,Mongolian Tugrik,MNT,1/1/2020,12/31/2020,Yes,Grant Thornton Audit LLC,12/21/2021,https://www.eitimongolia.mn/p/33,Yes,12/21/2021,https://www.eitimongolia.mn/,Yes,12/21/2021,https://www.eitimongolia.mn/p/33,"Yes, through EITI reporting",https://www.eitimongolia.mn/p/33,Yes,Yes,Yes,No,,47,60,MNT,2849.51,https://www.mongolbank.mn/dblistofficialdailyrate.aspx?vYear=2020&vMonth=12&vDay=30,Yes,Yes,Yes,Yes,43.33%,41.67%,1.67%,13.33%,Erdenebat Boldbaatar,Grant Thornton Audit LLC,Info@mn.gt.com
Tanzania,TZA,Tanzanian shilling,TZS,2017-07-01,2018-06-30,Yes,Mzumbe University,2020-06-29,https://www.teiti.go.tz/storage/app/uploads/public/5ef/af3/292/5efaf3292af80219592208.pdf,No,,,No,,,"Yes, through EITI reporting",https://www.teiti.go.tz/,Yes,Yes,Yes,No,,13,34,TZS,2254.43,https://www.bot.go.tz/FinancialMarket/ifem,Yes,Yes,Yes,No,12.50%,38.89%,4.17%,44.44%,CPA Dr. Gabriel Komba,Mzumbe University,gkomba@mzumbe.ac.tz
Mozambique,MOZ,Mozambique Metical,MZN,1/1/2019,12/31/2019,Yes,"I2A Consultoria e Serviços, SA",12/14/2020,http://itie.org.mz/index.php/download/nono-relatorio-itie/?wpdmdl=3092&refresh=5fdb4f87084921608208263,Partially,12/16/2020,https://www.mireme.gov.mz/index.php?option=com_content&view=article&id=61:mireme-lanca-o-9-relatorio-do-itie&catid=9&Itemid=101,No,,,"Yes, through EITI reporting",https://eiti.org/document/mozambique-open-data-policy,Yes,Yes,Yes,No,,5,29,MZN,62.07,http://www.bancomoc.mz/Files/TCMD/ZMCI213_02012020.pdf,Partially,Yes,Yes,Not applicable,45.28%,30.19%,9.43%,15.09%,EITI Mozambique,EITI Mozambique,EITI Mozambique
Myanmar,MMR,Burmese Kyat,MMK,4/1/2017,3/31/2018,Yes,BDO LLP,3/30/2020,https://eiti.org/document/myanmar-20172018-eiti-report,Yes,3/30/2020,https://myanmareiti.org/sites/myanmareiti.org/files/publication_docs/meiti_reconciliation_report_2017-2018_final_signed.pdf,Yes,3/30/2020,https://myanmareiti.org/files/uploads/annex.zip,"Yes, systematically disclosed",https://myanmareiti.org/en/publications,Yes,Yes,Yes,No,No,16,375,MMK,1355.83,https://www.cbm.gov.mm/foreign-exchange-market,Yes,Yes,Yes,Partially,3.03%,60.61%,10.61%,25.76%,Sami Sakka,BDO LLP,sami.sakka@bdo-ifi.com
Togo,TGO,West African CFA franc,XOF,2017-01-01,2017-12-31,Yes,BDO LLP UK,2019-11-10,https://eiti.org/sites/default/files/documents/rapport-de-conciliation-itie-togo-2016_0.pdf,No,,,Not applicable,,,"Yes, systematically disclosed",https://eiti.org/sites/default/files/documents/politique_donnees_ouvertes_decembre_2016.pdf,Yes,Yes,Yes,Yes,Water extraction,9,23,XOF,591.152,http://www.bceao.int/IMG/pdf/rapport_annuel_2015.pdf,Yes,Yes,Yes,No,11.67%,56.67%,8.33%,23.33%,Ahmed Zouari,BDO LLP,Ahmed.zouari@bdo.co.uk
Nigeria,NGA,Nigerian Naira,NGN,1/1/2017,12/31/2017,Yes,SIAO PARTNERS; AMEDU ONEKPE & CO.,11/28/2019,https://neiti.gov.ng/index.php/neiti-audits/oil-and-gas/category/195-2017-audit-report; https://neiti.gov.ng/index.php/neiti-audits/solid-minerals/category/193-sma-2017-report,No,,https://neiti.gov.ng/index.php/neiti-audits/oil-and-gas/category/195-2017-audit-report; https://neiti.gov.ng/index.php/neiti-audits/solid-minerals/category/193-sma-2017-report,Yes,,https://www.dpr.gov.ng/wp-content/uploads/2018/10/2017-NOGIAR-WEB.pdf ; https://www.nnpcgroup.com/NNPCDocuments/Annual%20Statistics%20Bulletin%E2%80%8B/2017%20ASB%201st%20edition.pdf ; https://www.firs.gov.ng/TaxStatisticsReports,"Yes, through EITI reporting",https://dashboard.neiti.gov.ng/,Yes,Yes,Yes,No,,13,127,NGN,305.55,https://www.cbn.gov.ng/rates/ExchangeArchives.asp,Yes,No,Yes,No,29.09%,60.00%,0.00%,10.91%,Abdulmumin Abuabakar,Nigeria Extractives Industries Transparency Initiative,aaabubakar@neiti.gov.ng
Nigeria,NGA,Nigerian Naira,NGN,1/1/2018,12/31/2018,Yes,Tajudeen Badejo & Co./ Adeshile Adedeji & Co.,3/16/2020,https://www.neiti.gov.ng/index.php/neiti-audits/oil-and-gas/category/203-oga-2018-report; https://www.neiti.gov.ng/index.php/neiti-audits/solid-minerals/category/201-sma-2018-report,Yes,3/16/2020,https://www.neiti.gov.ng/index.php/neiti-audits/oil-and-gas/category/203-oga-2018-report:https://www.neiti.gov.ng/index.php/neiti-audits/solid-minerals/category/201-sma-2018-report,Yes,3/17/2020,https://www.neiti.gov.ng/index.php/neiti-audits/oil-and-gas/category/203-oga-2018-report;https://www.neiti.gov.ng/index.php/neiti-audits/solid-minerals/category/202-sma-2018-appendices,"Yes, through EITI reporting",https://dashboard.neiti.gov.ng/,Yes,Yes,Yes,Not applicable,,11,141,NGN,305.5,https://www.cbn.gov.ng/Rates/ExchRateByCurrency.asp:https://www.cbn.gov.ng/rates/ExchangeArchives.asp,Yes,Yes,Yes,Yes,36.92%,44.62%,3.08%,15.38%,Badejo Tajudeen Olaposi/ Deji Adeshile,Tajudeen Badejo & Co/ Adeshile Adedeji & Co,"audit@tbc.ng, tbadejo@tbc.ng, tajudeenolaposi@gmail.com; info@adeshileandco.com; adeshileandco@gmail.com"
Togo,TGO,Franc CFA d’Afrique de l’Ouest,XOF,2018-01-01,2018-12-31,Yes,BDO LLP UK,2021-06-30,https://eiti.org/document/2018-togo-eiti-report,Partially,,,Not applicable,,,"Yes, systematically disclosed",https://eiti.org/sites/default/files/documents/politique_donnees_ouvertes_decembre_2016.pdf,Yes,Yes,Yes,Yes,Exploitation des nappes souterraines,9,23,XOF,555.247,https://www.bceao.int/sites/default/files/2019-07/Rapport%20annuel%202018.pdf,Yes,Yes,Yes,No,5.08%,64.41%,10.17%,20.34%,Ghazi Khiari,BDO LLP,Ghazi.Khiari@bdo-ifi.com
Norway,NOR,Norwegian Krone,NOK,1/1/2017,12/31/2017,No,,,,Yes,12/31/2019,https://www.norskpetroleum.no/en/,Yes,,,"Yes, systematically disclosed",,Yes,Yes,No,Not applicable,,2,1,NOK,8.25,http://www.norges-bank.no/en/Statistics/exchange_rates/,Yes,Yes,Yes,Not applicable,59.32%,0.00%,25.42%,15.25%,Knut Christian Hannestad Ree,Olje- og energidepartementet,Knut-Christian-Hannestad.Ree@oed.dep.no
Norway,NOR,Norwegian Krone,NOK,1/1/2018,12/31/2018,No,,,,Yes,11/3/2020,https://www.norskpetroleum.no/okonomi/apenhet-om-betalinger-eiti/,Yes,12/31/2018,See URLs in Part 2,"Yes, systematically disclosed",,Yes,Yes,No,Not applicable,< Other sector >,4,63,NOK,8.1338,https://www.norges-bank.no/en/topics/Statistics/exchange_rates/?tab=currency&id=USD,Yes,Yes,Yes,Not applicable,64.15%,0.00%,26.42%,9.43%,Knut Christian Hannestad Ree,Olje- og energidepartementet,Knut-Christian-Hannestad.Ree@oed.dep.no
Norway,NOR,Norwegian Krone,NOK,1/1/2019,12/31/2019,No,,,,Yes,11/1/2021,Åpenhet om betalinger - EITI - Norskpetroleum.no,Yes,,See URLs in Part 2,"Yes, systematically disclosed",,Yes,Yes,No,Not applicable,,4,54,NOK,8.8037,Exchange rates (norges-bank.no),Yes,Yes,Yes,No,48.15%,0.00%,44.44%,7.41%,Tønnes Tjersland,Olje- og energidepartementet,Tonnes.Tjersland@oed.dep.no
Mauritania,MRT,Mauritanian Ouguiya,MRO,1/1/2017,12/31/2017,Yes,BDO Tunisie Consulting,12/29/2019,http://www.cnitie.mr/itie-fr/images/rapports/RapportEITI2017.pdf,No,N/A,N/A,Partially,9/7/2019,http://www.tresor.mr/fr/plus.php?tb=paSo,"Yes, through EITI reporting",,Yes,Yes,Partially,No,Not applicable,6,23,MRO,356.6,"Annual rate 2017, Central Bank",Yes,Yes,Yes,Partially,3.51%,73.68%,15.79%,7.02%,Karim Lourimi/Elyes Kooli,BDO Tunisie Consulting,k.lourimi@bdo.tn/e.kooli@bdo.tn
Mali,MLI,West African CFA franc,XOF,1/1/2017,12/31/2017,Yes,BDO LLP,12/1/2020,https://eiti.org/fr/document/rapport-itie-2017-du-mali,No,,,No,,,Not available,,Yes,Yes,Yes,No,,7,24,XOF,58100.00%,,Yes,Yes,Yes,No,1.89%,64.15%,5.66%,28.30%,Ghazi Khiari,BDO LLP,Ghazi.khiari@bdo-ifi.com
Mali,MLI,West African CFA franc,XOF,1/1/2018,12/31/2018,Yes,BDO LLP,12/1/2020,https://itie.ml/wp-content/uploads/2020/12/Rapport-ITIE-Mali-2018-Final-Sign%c3%a9.pdf,No,,,No,,,Not available,,Yes,Yes,Yes,No,,7,25,XOF,555.247,,Yes,Yes,Yes,Yes,3.85%,63.46%,3.85%,28.85%,Ghazi Khiari,BDO LLP,Ghazi.khiari@bdo-ifi.com
Madagascar,MDG,Malagasy Ariary,MGA,1/1/2017,12/31/2017,Yes,EY,12/12/2019,https://eiti.org/node/11107,No,N/A,N/A,No,,,"Yes, through EITI reporting","https://eiti.org/node/11107
http://eitimadagascar.org/",Yes,Yes,Yes,No,Not applicable,20,19,MGA,311409.00%,Taux moyens de la Banque Centrale de Madagascar,Yes,Yes,Yes,Partially,9.43%,71.70%,7.55%,11.32%,RAMANDIMBISOA Ninah,EY Madagascar,Ninah.Ramandimbisoa@mu.ey.com
Madagascar,MDG,Malagasy Ariary,MGA,1/1/2018,12/31/2018,Yes,EY,12/12/2019,https://eiti.org/node/11108,No,N/A,N/A,No,,,"Yes, through EITI reporting","https://eiti.org/node/11108
http://eitimadagascar.org/",Yes,Yes,Yes,No,Not applicable,20,16,MGA,333361.00%,Taux moyens de la Banque Centrale de Madagascar,Yes,Yes,Yes,Partially,5.56%,74.07%,5.56%,14.81%,RAMANDIMBISON Ninah,EY Madagascar,Ninah.Ramandimbisoa@mu.ey.com
Liberia,LBR,Liberian Dollar,LRD,7/1/2017,6/30/2018,Yes,BDO UK LLP,12/31/2019,http://www.leiti.org.lr/uploads/2/1/5/6/21569928/10th_and_11th_eiti_report_for_liberia.pdf,No,,,Yes,,http://www.leiti.org.lr/documents.html,"Yes, through EITI reporting",http://www.leiti.org.lr/uploads/2/1/5/6/21569928/10th_and_11th_eiti_report_for_liberia.pdf,,,Yes,No,Yes,Yes,Forestry/Agriculture,5,19,LRD,Yes,Yes,Yes,Not applicable,14.04%,64.91%,19.30%,1.75%,Oussama Barrak,BDO UK LLP,oussama.barrak@bdo-ifi.com
Liberia,LBR,Liberian Dollar,LRD,7/1/2018,6/30/2019,Yes,BDO UK LLP,4/30/2021,http://www.leiti.org.lr/uploads/2/1/5/6/21569928/liberia_12th_eiti_report_signed.pdf,No,NA,NA,Yes,NA,http://www.leiti.org.lr/documents.html,Not available,NA,Yes,Yes,Yes,Yes,Yes,Yes,9,21,LRD,19438.00%,Yes,Yes,Yes,Partially,15.71%,35.71%,11.43%,37.14%,Maher Kabsi,BDO LLP UK,maher.kabsi@bdo-ifi.com
Iraq,IRQ,Iraqi dinar,IQD,1/1/2017,12/31/2017,Yes,Ernst & Young Jordan,12/20/2019,http://ieiti.org.iq/ar/listing/reports-and-publications/annual-report,No,,,No,,,"Yes, through EITI reporting",http://ieiti.org.iq/ar/details/837/%D8%B3%D9%8A%D8%A7%D8%B3%D8%A9-%D8%A7%D9%84%D8%A8%D9%8A%D8%A7%D9%86%D8%A7%D8%AA-%D8%A7%D9%84%D9%85%D9%81%D8%AA%D9%88%D8%AD%D8%A9-1557389801  ,Yes,Yes,Yes,Yes,,8,83,IQD,118200.00%,https://moj.gov.iq/wqam/4430.pdf,Yes,Yes,Yes,Partially,3.70%,62.96%,9.26%,24.07%,Nicola Sayegh,Ernst & Young Jordan,nicola.sayegh@jo.ey.com
Iraq,IRQ,Iraqi dinar,IQD,1/1/2018,12/31/2018,Yes,GGI-DaVinci Consulting,3/31/2021,http://www.ieiti.org.iq/mediafiles/articles/doc-1223-2021_04_25_06_26_39.pdf,No,3/30/2021,http://ieiti.org.iq/ar/details/1223/year-2018,Yes,3/31/2021,http://www.ieiti.org.iq/ar/details/1223/year-2018,"Yes, systematically disclosed",http://www.ieiti.org.iq/ar/listing/reports-and-publications/annual-report,Yes,Yes,Yes,Not applicable,,9,76,IQD,1182,https://cbi.iq/static/uploads/up/file-156040785775959.pdf,Yes,Yes,Yes,Yes,4.76%,55.56%,3.17%,36.51%,Haitham S. El-Boukhary,GGI-DaVinci Consulting,haitham.elboukhary@ggi-davinci.com
Guyana,GUY,Guyanese Dollar,GYD,1/1/2018,12/31/2018,Yes,BDO LLP,3/31/2021,https://gyeiti.org/gyeiti-2nd-report-fy-2018-and-annexes/,Partially,3/31/2021,https://gyeiti.org/,Yes,3/31/2021,https://gyeiti.org/gyeiti-2nd-report-fy-2018-and-annexes/,"Yes, through EITI reporting",https://gyeiti.org/consultation-for-a-review-of-the-eiti-open-data-policy/,Yes,Yes,Yes,Partially,Forestry,Fisheries,900.00%,6100.00%,GYD,20800.00%,Yes,Yes,Yes,No,8.97%,52.56%,32.05%,6.41%,Rached Maalej,BDO LLP,rached.maalej@bdo-ifi.com
Trinidad and Tobago,TTO,Trinidad and Tobago Dollar,TTD,2016-10-01,2017-09-30,Yes,BDO Trinity & Hart Nurse,2019-09-30,http://www.tteiti.org.tt/wp-content/uploads/Final-TTEITI-Report-September-30-2019-Signed-1.pdf,No,2019-09-30,,No,,,"Yes, through EITI reporting",https://www.tteiti.com/open-data,Yes,Yes,Yes,Yes,Marketing Companies,3,46,TTD,6.7695,https://www.central-bank.org.tt/,Yes,Yes,Yes,Yes,7.14%,52.86%,7.14%,32.86%,Sherwin Long,TTEITI Secretariat,slong@energy.gov.tt
Trinidad and Tobago,TTO,Trinidad and Tobago Dollar,TTD,2017-10-01,2018-09-30,Yes,BDO Trinity & Hart Nurse,2021-02-26,,No,2021-02-26,,No,,,"Yes, through EITI reporting",https://www.tteiti.com/open-data,Yes,Yes,Yes,Yes,Marketing Companies,4,41,TTD,6.7569,https://www.central-bank.org.tt/,Yes,Yes,Yes,Yes,10.53%,59.65%,8.77%,21.05%,Sherwin Long,TTEITI Secretariat,slong@energy.gov.tt
Ukraine,UKR,Ukrainian hryvnia,UAH,2017-01-01,2017-12-31,Yes,EY,2020-06-02,http://eiti.org.ua/wp-content/uploads/2020/06/National-EITI-report-of-Ukraine-2017.pdf,Yes,2020-06-02,http://eiti.org.ua/documents/zvit-ipvh-ukrai-ny-2017/,Yes,2020-06-02,http://eiti.org.ua/wp-content/uploads/2020/06/National-EITI-report-of-Ukraine-2017-The-abbreviated-version.pdf,"Yes, through EITI reporting",http://eiti.org.ua/documents/,Yes,Yes,Yes,No,4,53,,UAH,26.6,https://old.bank.gov.ua/control/uk/publish/category?cat_id=7693080,Yes,Yes,Yes,No,42.19%,26.56%,4.69%,26.56%,Andrii Kitura,EY Ukraine,andrii.kitura@ua.ey.com
Ukraine,UKR,Ukrainian Hryvnia,UAH,2018-01-01,2018-12-31,Yes,EY,2021-06-24,https://eiti.org.ua/documents/zvit-ipvh-2018/,Yes,2021-06-24,https://eiti.org.ua/documents/zvit-ipvh-2018/,Yes,2021-06-24,https://eiti.org.ua/documents/zvit-ipvh-2018/,"Yes, through EITI reporting",http://eiti.org.ua/documents/,Yes,Yes,Yes,No,,5,53,UAH,27.2,https://bank.gov.ua/ua/markets/exchangeratechart,Yes,Yes,Yes,Partially,28.13%,45.83%,9.38%,16.67%,Andrii Kitura,EY Ukraine,andrii.kitura@ua.ey.com
Ukraine,UKR,Ukrainian Hryvnia,UAH,2019-01-01,2019-12-31,Yes,EY,2021-02-25,https://eiti.org/document/ukraine-2019-eiti-report,Yes,2021-02-25,https://eiti.org.ua/documents/report-eiti_ua_2019/,Yes,2021-02-25,https://eiti.org.ua/documents/report-eiti_ua_2019/,"Yes, through EITI reporting",http://eiti.org.ua/documents/,Yes,Yes,Yes,No,,5,51,UAH,25.85,https://bank.gov.ua/ua/markets/exchangerate-chart,Yes,Yes,Yes,Partially,29.59%,45.92%,9.18%,15.31%,Andrii Kitura,EY Ukraine,andrii.kitura@ua.ey.com
Ukraine,UKR,Ukrainian Hryvnia,UAH,2020-01-01,2020-12-31,Yes,EY,2022-02-01,https://eiti.org.ua/documents/zvit-ipvh-2020/,Yes,2022-02-01,https://eiti.gov.ua/,Yes,2022-02-01,https://eiti.org.ua/documents/zvit-ipvh-2020/,"Yes, through EITI reporting",https://eiti.org.ua/documents/zvit-ipvh-2020/,Yes,Yes,Yes,No,,4,54,UAH,26.9575,https://bank.gov.ua/ua/markets/exchangerate-chart,Yes,Yes,Yes,Partially,28.71%,49.50%,8.91%,12.87%,Andrii Kitura,EY Ukraine,andrii.kitura@ua.ey.com
United Kingdom,GBR,Pound sterling,GBP,2018-01-01,2018-12-31,Partially,BDO UK LLP,2019-12-20,https://www.gov.uk/government/publications/extractive-industries-transparency-initiative-payments-report-2018,Yes,2019-12-20,https://www.gov.uk/government/publications/extractive-industries-transparency-initiative-payments-report-2018,Yes,,https://www.gov.uk/government/groups/uk-extractive-industries-transparency-initiative-multi-stakeholder-group,"Yes, systematically disclosed",OGA's Open Data: http://data-ogauthority.opendata.arcgis.com/ UK EITI open data policy: https://www.gov.uk/government/groups/uk-extractive-industries-transparency-initiative-multi-stakeholder-group#uk-eiti-open-data-policy-paper,Yes,Yes,Yes,Not applicable,Not applicable,4,55,GBP,0.7487,https://www.bankofengland.co.uk/,Yes,Yes,Yes,Partially,,,36.36%,1.82%,Karim Limam,BDO UK LLP,Karim.limam@bdo-ifi.com
United Kingdom,GBR,Pound sterling,GBP,2019-01-01,2019-12-31,Partially,BDO UK LLP,2020-12-09,https://www.ukeiti.org/publications-reports,Yes,2020-12-09,https://www.ukeiti.org/,Yes,,https://www.ukeiti.org/publications-reports,"Yes, systematically disclosed",OGA's Open Data: http://data-ogauthority.opendata.arcgis.com/ UK EITI open data policy: https://www.ukeiti.org/publications-reports,Yes,Yes,Yes,Not applicable,Not applicable,4,54,GBP,0.7835,https://www.bankofengland.co.uk/,Yes,Yes,Yes,Yes,50.88%,10.53%,26.32%,12.28%,Karim Limam,BDO UK LLP,Karim.limam@bdo-ifi.com
United Kingdom,GBR,Pound sterling,GBP,2020-01-01,2020-12-31,Partially,BDO UK LLP,2021-07-30,https://www.ukeiti.org/publications-reports,Yes,2021-07-30,https://www.ukeiti.org/,Yes,,https://www.ukeiti.org/publications-reports,"Yes, systematically disclosed",OGA's Open Data: http://data-ogauthority.opendata.arcgis.com/ UK EITI open data policy: https://www.ukeiti.org/publications-reports,Yes,Yes,Yes,Not applicable,Not applicable,4,55,GBP,0.7797,https://www.bankofengland.co.uk/,Yes,Yes,Yes,Yes,52.63%,8.77%,24.56%,14.04%,Karim Limam,BDO UK LLP,Karim.limam@bdo-ifi.com
Zambia,ZMB,Zambian Kwacha,ZMW,2017-01-01,2017-12-31,Yes,BDO Tunisia Consulting in Association with BDO Zambia,2019-12-28,http://zambiaeiti.org/wp-content/uploads/2019/12/2017_ZEITI_Report.pdf,No,,,No,,,"Yes, through EITI reporting",http://zambiaeiti.org/wp-content/uploads/2019/12/2017_ZEITI_Report.pdf,Yes,Yes,Yes,No,,24,9,ZMW,9.5349,Section 2.5 of EITI Report,Yes,Yes,Yes,Partially,7.25%,50.72%,15.94%,26.09%,Elyes Kooli,BDO Tunisia Consulting,e.kooli@bdo.tn
Zambia,ZMB,Zambian Kwacha,ZMW,2018-01-01,2018-12-31,Yes,BDO Tunisia Consulting in Association with BDO Zambia,2020-06-01,http://zambiaeiti.org/wp-content/uploads/2020/06/ZEITI-Report-2018.pdf,No,,,No,,,"Yes, through EITI reporting",http://zambiaeiti.org/wp-content/uploads/2020/06/ZEITI-Report-2018.pdf,Yes,Yes,Yes,No,,24,9,ZMW,10.4739,,Yes,Yes,Yes,Partially,10.71%,60.71%,19.64%,8.93%,Elyes Kooli,BDO Tunisie Consulting,e.kooli@bdo.tn
Zambia,ZMB,Zambian Kwacha,ZMW,2019-01-01,2019-12-31,Yes,BDO Tunisia Consulting in Association with BDO Zambia,2020-12-22,http://zambiaeiti.org/wp-content/uploads/2020/12/ZEITI-Report-2019.pdf,No,,,No,,,"Yes, through EITI reporting",http://zambiaeiti.org/wp-content/uploads/2020/12/ZEITI-Report-2019.pdf,Yes,Yes,Yes,No,,9,16,ZMW,12.9223,https://www.boz.zm/,Yes,Yes,Yes,Partially,7.94%,58.73%,12.70%,20.63%,Elyes Kooli,BDO Tunisie Consulting,e.kooli@bdo.tn
Albania,ALB,Albanian lek,ALL,2017-01-01,2017-12-31,Yes,Deloitte Albania,2021-01-20,https://www.albeiti.org/site/wp-content/uploads/2021/02/EITI-REPORT-ENG-_Final_2.-docx-.pdf,No,,,No,,,Yes,https://www.opendata-albeiti.org,Yes,Yes,Yes,Yes,Hydropower,10,120,ALL,119.1,https://www.bankofalbania.org/Tregjet/Kursi_zyrtar_i_kembimit/Arkiva_e_kursit_te_kembimit/,Yes,Yes,Yes,Not applicable,45.61%,29.82%,3.51%,21.05%,EITI Albania Secretariat,EITI Albania Secretariat,sekretariati@albeiti.gov.al
Albania,ALB,Albanian lek,ALL,2018-01-01,2018-12-31,Yes,Deloitte Albania,2021 - January - 20,https://www.albeiti.org/site/wp-content/uploads/2021/02/EITI-REPORT-ENG-_Final_2.-docx-.pdf,No,,,No,,,Yes,https://www.opendata-albeiti.org,Yes,Yes,Yes,Yes,Hydropower,10,121,ALL,108.01,https://www.bankofalbania.org/Tregjet/Kursi_zyrtar_i_kembimit/Arkiva_e_kursit_te_kembimit/,Yes,Yes,Yes,Partially,46.43%,30.36%,3.57%,19.64%,EITI Albania Secretariat,EITI Albania Secretariat,sekretariati@albeiti.gov.al
Argentina,ARG,Argentine peso,ARS,2018-01-01,2018-12-31,Yes,Consultor Independiente - Santiago J. Dondo,2020-12-23,https://www.argentina.gob.ar/produccion/energia/eiti/Informes,Partially,,https://www.argentina.gob.ar/produccion/eiti,Yes,2020-06-01,https://www.argentina.gob.ar/sites/default/files/informe_de_alcance_materialidad_y_divulgacion_sistematica_0.pdf,"Yes, systematically disclosed",http://datos.minem.gob.ar/dataset,Partially,Partially,Partially,No,,4,23,ARS,28.09,http://www.bcra.gob.ar/PublicacionesEstadisticas/Tipos_de_cambios.asp,Yes,Yes,Yes,Partially,15.69%,49.02%,35.29%,0.00%,Santiago J. Dondo,Consultor Intependiente,sjdondo@gmail.com
Armenia,ARM,Armenian dram,AMD,2018-01-01,2018-12-31,Yes,EY Armenia CJSC,2020-09-14,https://www.eiti.am/hy/annual-reports/2020,Partially,2020-09-14,https://reports.eiti.am/hy/,No,,,"Yes, through EITI reporting",https://reports.eiti.am/hy/,No,No,Yes,No,Not applicable,3,26,AMD,485.29,https://www.cba.am/am/SitePages/Default.aspx,Yes,Yes,Yes,Partially,45.28%,32.08%,16.98%,5.66%,Heghine Ghukasyan,Ernst & Young CJSC,heghine.ghukasyan@am.ey.com
Armenia,ARM,Armenian dram,AMD,2019-01-01,2019-12-31,Yes,Grant Thornton CJSC,2021-07-23,https://www.eiti.am/en/annual-reports/2021/,Partially,2020-08-01,https://reports.eiti.am/hy/,No,,,"Yes, through EITI reporting",https://reports.eiti.am/hy/,No,No,Yes,No,Not applicable,3,24,AMD,479.7,www.cba.am,Yes,Yes,Yes,Partially,46.43%,26.79%,19.64%,7.14%,Lilit Arabajyan,Grant Thornton CJSC,lilit.arabajyan@am.gt.com
Burkina Faso,BFA,Franc CFA d’Afrique de l’Ouest,XOF,2017-01-01,2017-12-31,Yes,BDO LLP,2019-07-31,https://eiti.org/document/burkina-faso-2017-eiti-report,Yes,2019-07-31,https://eiti.org/document/burkina-faso-2017-eiti-report,Not applicable,Not applicable,No,"Yes, through EITI reporting",https://eiti.org/sites/default/files/documents/arrete_initiative_open_databurkinafaso.pdf,No,No,Yes,No,No,8,21,XOF,581.3953,https://unctadstat.unctad.org/wds/TableViewer/tableView.aspx,Yes,Yes,Yes,No,3.23%,56.45%,22.58%,17.74%,Ghazi Khiari,BDO LLP,Ghazi.Khiari@bdo.co.uk
Burkina Faso,BFA,Franc CFA d’Afrique de l’Ouest,XOF,2018-01-01,2018-12-31,Yes,BDO Tunisie Consulting,12/15/2020,https://eiti.org/files/documents/rapport_itie-bf_2018_version_finale_signe_30122020_1.pdf,No,N/A,N/A,No,,,"Yes, through EITI reporting",,Not applicable,Not applicable,Yes,Not applicable,,10,14,XOF,555.247,https://www.bceao.int/sites/default/files/2019-07/Rapport%20annuel%202018.pdf,Yes,Yes,Yes,Yes,8.93%,71.43%,17.86%,1.79%,Fathi Mabrouk,BDO Tunisie Consulting,f.mabrouk@bdo.tn
Burkina Faso,BFA,Franc CFA d’Afrique de l’Ouest,XOF,2019-01-01,2019-12-31,Yes,BDO Tunisie Consulting,2021-03-10,https://eiti.org/files/documents/rapport_itie-bf_2019_version_finale_signee.pdf,No,N/A,N/A,No,,,"Yes, through EITI reporting",,Not applicable,Not applicable,Yes,Not applicable,,10,16,XOF,587.54,https://www.bceao.int/sites/default/files/2020-06/Rapport%20annuel%202019%20de%20la%20BCEAO.pdf,Yes,Yes,Yes,Yes,8.93%,73.21%,16.07%,1.79%,Fathi Mabrouk,BDO Tunisie Consulting,f.mabrouk@bdo.tn
Burkina Faso,BFA,Franc CFA d’Afrique de l’Ouest,XOF,2020-12-01,2020-12-31,Yes,Enerteam (Ex BDO Tunisie Consulting),2022-06-09,https://itie-bf.bf/rapports-itie-integrals/,No,N/A,N/A,Yes,2022-12-22,http://portail.itie.gov.bf/search/type/dataset,"Yes, through EITI reporting",http://portail.itie.gov.bf/search/type/dataset,Not applicable,Not applicable,Yes,Not applicable,,10,17,XOF,574.71,Rapport annuel de la BCEAO 2020_0.pdf,Yes,Yes,Yes,Yes,5.56%,75.93%,16.67%,1.85%,Fathi Mabrouk,ENERTEAM (Ex BDO Tunisie Consutling),f.mabrouk@enerteam.tn
Cameroon,CMR,Franc CFA d’Afrique centrale,XAF,2017-01-01,2017-12-31,Yes,BDO Tunisie Consulting,2020-02-10,https://eiticameroon.org/post/1292,Partially,,http://www.snh.cm/index.php/fr/publications/rapport-annuel,Yes,,https://eiticameroon.org/post/category/documentation,"Yes, through EITI reporting",https://eiti.org/sites/default/files/documents/politique_des_donnees_ouvertes_25_06_17.pdf,Yes,Yes,Yes,Yes,Quarrying and Water,8,17,XAF,572.336,https://www.beac.int/wp-content/uploads/2016/10/RAPPORT-ANNUEL-BEAC-2017-version_-30oct181.pdf,Yes,Yes,Yes,Partially,9.09%,72.73%,7.27%,10.91%,Radhouane Bouzaiane,BDO Tunisie Consulting,r.bouzaiane@bdo.tn
Chad,TCD,Franc CFA d’Afrique centrale,XAF,2017-01-01,2017-12-31,Yes,BDO LLP UK,2020-06-15,,Partially,,http://itie-tchad.org/,Not applicable,,,"Yes, systematically disclosed",https://eiti.org/document/chad-open-data-policy,Yes,No,Yes,Yes,Transport pétrolier et Raffinage,10,33,XAF,581.696,https://www.oanda.com/fx-for-business/historical-rates,Yes,Yes,Yes,No,12.50%,54.69%,12.50%,20.31%,Achraf Kanoun,BDO LLP,achraf.kanoun@bdo-ifi.com
Chad,TCD,Franc CFA d’Afrique centrale,XAF,2018-01-01,2018-12-31,Yes,BDO LLP UK,2020-12-15,,No,,,Not applicable,,,"Yes, systematically disclosed",https://eiti.org/document/chad-open-data-policy,Yes,No,Yes,Yes,Transport pétrolier et Raffinage,11,39,USD,1,https://www.oanda.com/fx-for-business/historical-rates,Yes,Yes,Yes,Yes,12.50%,54.69%,10.94%,21.88%,Achraf Kanoun,BDO LLP,achraf.kanoun@bdo-ifi.com
